timestamp,domain,run,query_time_ms,query_size,response_size,resolver,error
2025-09-02T07:12:56.269291,google.com,1,24.38,22,25,dnscrypt-proxy,
2025-09-02T07:12:56.284767,google.com,2,1.28,22,25,dnscrypt-proxy,
2025-09-02T07:12:56.301724,google.com,3,1.45,22,25,dnscrypt-proxy,
2025-09-02T07:12:56.316638,google.com,4,1.28,22,25,dnscrypt-proxy,
2025-09-02T07:12:56.331674,google.com,5,1.22,22,25,dnscrypt-proxy,
2025-09-02T07:12:56.345768,google.com,6,1.27,22,25,dnscrypt-proxy,
2025-09-02T07:12:56.360618,google.com,7,1.29,22,25,dnscrypt-proxy,
2025-09-02T07:12:56.375690,google.com,8,1.31,22,25,dnscrypt-proxy,
2025-09-02T07:12:56.392646,google.com,9,1.23,22,25,dnscrypt-proxy,
2025-09-02T07:12:56.407748,google.com,10,1.31,22,25,dnscrypt-proxy,
2025-09-02T07:12:56.422768,google.com,11,1.48,22,25,dnscrypt-proxy,
2025-09-02T07:12:56.438445,google.com,12,1.34,22,25,dnscrypt-proxy,
2025-09-02T07:12:56.454433,google.com,13,1.29,22,25,dnscrypt-proxy,
2025-09-02T07:12:56.469867,google.com,14,1.13,22,25,dnscrypt-proxy,
2025-09-02T07:12:56.483729,google.com,15,1.27,22,25,dnscrypt-proxy,
2025-09-02T07:12:56.498429,google.com,16,1.3,22,25,dnscrypt-proxy,
2025-09-02T07:12:56.513771,google.com,17,1.31,22,25,dnscrypt-proxy,
2025-09-02T07:12:56.528442,google.com,18,1.29,22,25,dnscrypt-proxy,
2025-09-02T07:12:56.542703,google.com,19,1.29,22,25,dnscrypt-proxy,
2025-09-02T07:12:56.557438,google.com,20,1.3,22,25,dnscrypt-proxy,
2025-09-02T07:12:56.571670,google.com,21,1.33,22,25,dnscrypt-proxy,
2025-09-02T07:12:56.587825,google.com,22,1.13,22,25,dnscrypt-proxy,
2025-09-02T07:12:56.602957,google.com,23,1.28,22,25,dnscrypt-proxy,
2025-09-02T07:12:56.618404,google.com,24,1.32,22,25,dnscrypt-proxy,
2025-09-02T07:12:56.632537,google.com,25,1.31,22,25,dnscrypt-proxy,
2025-09-02T07:12:56.646612,google.com,26,1.31,22,25,dnscrypt-proxy,
2025-09-02T07:12:56.661510,google.com,27,1.42,22,25,dnscrypt-proxy,
2025-09-02T07:12:56.675866,google.com,28,1.15,22,25,dnscrypt-proxy,
2025-09-02T07:12:56.691599,google.com,29,2.21,22,25,dnscrypt-proxy,
2025-09-02T07:12:56.707803,google.com,30,2.23,22,25,dnscrypt-proxy,
2025-09-02T07:12:56.723737,google.com,31,2.2,22,25,dnscrypt-proxy,
2025-09-02T07:12:56.741729,google.com,32,2.14,22,25,dnscrypt-proxy,
2025-09-02T07:12:56.757566,google.com,33,2.13,22,25,dnscrypt-proxy,
2025-09-02T07:12:56.773481,google.com,34,2.11,22,25,dnscrypt-proxy,
2025-09-02T07:12:56.789645,google.com,35,2.11,22,25,dnscrypt-proxy,
2025-09-02T07:12:56.805642,google.com,36,2.31,22,25,dnscrypt-proxy,
2025-09-02T07:12:56.823406,google.com,37,2.15,22,25,dnscrypt-proxy,
2025-09-02T07:12:56.839111,google.com,38,2.44,22,25,dnscrypt-proxy,
2025-09-02T07:12:56.854934,google.com,39,2.24,22,25,dnscrypt-proxy,
2025-09-02T07:12:56.870662,google.com,40,2.12,22,25,dnscrypt-proxy,
2025-09-02T07:12:56.887950,google.com,41,2.39,22,25,dnscrypt-proxy,
2025-09-02T07:12:56.903790,google.com,42,2.14,22,25,dnscrypt-proxy,
2025-09-02T07:12:56.919453,google.com,43,2.12,22,25,dnscrypt-proxy,
2025-09-02T07:12:56.936503,google.com,44,2.25,22,25,dnscrypt-proxy,
2025-09-02T07:12:56.952549,google.com,45,2.12,22,25,dnscrypt-proxy,
2025-09-02T07:12:56.969180,google.com,46,2.51,22,25,dnscrypt-proxy,
2025-09-02T07:12:56.985600,google.com,47,2.12,22,25,dnscrypt-proxy,
2025-09-02T07:12:57.002476,google.com,48,2.15,22,25,dnscrypt-proxy,
2025-09-02T07:12:57.018847,google.com,49,2.29,22,25,dnscrypt-proxy,
2025-09-02T07:12:57.036202,google.com,50,2.09,22,25,dnscrypt-proxy,
2025-09-02T07:12:57.052795,google.com,51,2.27,22,25,dnscrypt-proxy,
2025-09-02T07:12:57.069936,google.com,52,2.25,22,25,dnscrypt-proxy,
2025-09-02T07:12:57.086630,google.com,53,2.11,22,25,dnscrypt-proxy,
2025-09-02T07:12:57.106402,google.com,54,2.37,22,25,dnscrypt-proxy,
2025-09-02T07:12:57.124843,google.com,55,2.17,22,25,dnscrypt-proxy,
2025-09-02T07:12:57.140550,google.com,56,2.13,22,25,dnscrypt-proxy,
2025-09-02T07:12:57.156790,google.com,57,2.12,22,25,dnscrypt-proxy,
2025-09-02T07:12:57.173455,google.com,58,2.12,22,25,dnscrypt-proxy,
2025-09-02T07:12:57.189694,google.com,59,2.11,22,25,dnscrypt-proxy,
2025-09-02T07:12:57.205548,google.com,60,2.15,22,25,dnscrypt-proxy,
2025-09-02T07:12:57.221560,google.com,61,2.1,22,25,dnscrypt-proxy,
2025-09-02T07:12:57.238155,google.com,62,2.56,22,25,dnscrypt-proxy,
2025-09-02T07:12:57.253553,google.com,63,2.12,22,25,dnscrypt-proxy,
2025-09-02T07:12:57.269405,google.com,64,2.11,22,25,dnscrypt-proxy,
2025-09-02T07:12:57.285394,google.com,65,2.13,22,25,dnscrypt-proxy,
2025-09-02T07:12:57.301738,google.com,66,2.15,22,25,dnscrypt-proxy,
2025-09-02T07:12:57.317583,google.com,67,2.14,22,25,dnscrypt-proxy,
2025-09-02T07:12:57.333607,google.com,68,2.1,22,25,dnscrypt-proxy,
2025-09-02T07:12:57.349594,google.com,69,2.11,22,25,dnscrypt-proxy,
2025-09-02T07:12:57.365959,google.com,70,2.34,22,25,dnscrypt-proxy,
2025-09-02T07:12:57.382202,google.com,71,2.49,22,25,dnscrypt-proxy,
2025-09-02T07:12:57.398724,google.com,72,2.27,22,25,dnscrypt-proxy,
2025-09-02T07:12:57.416409,google.com,73,2.55,22,25,dnscrypt-proxy,
2025-09-02T07:12:57.433523,google.com,74,2.49,22,25,dnscrypt-proxy,
2025-09-02T07:12:57.449651,google.com,75,2.17,22,25,dnscrypt-proxy,
2025-09-02T07:12:57.465666,google.com,76,2.13,22,25,dnscrypt-proxy,
2025-09-02T07:12:57.482266,google.com,77,2.37,22,25,dnscrypt-proxy,
2025-09-02T07:12:57.498121,google.com,78,2.45,22,25,dnscrypt-proxy,
2025-09-02T07:12:57.513745,google.com,79,2.17,22,25,dnscrypt-proxy,
2025-09-02T07:12:57.529735,google.com,80,2.15,22,25,dnscrypt-proxy,
2025-09-02T07:12:57.545728,google.com,81,2.14,22,25,dnscrypt-proxy,
2025-09-02T07:12:57.563615,google.com,82,2.12,22,25,dnscrypt-proxy,
2025-09-02T07:12:57.580253,google.com,83,2.35,22,25,dnscrypt-proxy,
2025-09-02T07:12:57.596203,google.com,84,2.35,22,25,dnscrypt-proxy,
2025-09-02T07:12:57.611624,google.com,85,2.12,22,25,dnscrypt-proxy,
2025-09-02T07:12:57.627442,google.com,86,2.14,22,25,dnscrypt-proxy,
2025-09-02T07:12:57.642729,google.com,87,2.27,22,25,dnscrypt-proxy,
2025-09-02T07:12:57.660690,google.com,88,2.1,22,25,dnscrypt-proxy,
2025-09-02T07:12:57.676521,google.com,89,2.2,22,25,dnscrypt-proxy,
2025-09-02T07:12:57.692575,google.com,90,2.1,22,25,dnscrypt-proxy,
2025-09-02T07:12:57.708231,google.com,91,2.18,22,25,dnscrypt-proxy,
2025-09-02T07:12:57.723890,google.com,92,2.27,22,25,dnscrypt-proxy,
2025-09-02T07:12:57.739797,google.com,93,2.26,22,25,dnscrypt-proxy,
2025-09-02T07:12:57.755627,google.com,94,2.1,22,25,dnscrypt-proxy,
2025-09-02T07:12:57.771434,google.com,95,2.12,22,25,dnscrypt-proxy,
2025-09-02T07:12:57.787451,google.com,96,2.12,22,25,dnscrypt-proxy,
2025-09-02T07:12:57.803500,google.com,97,2.13,22,25,dnscrypt-proxy,
2025-09-02T07:12:57.819573,google.com,98,2.1,22,25,dnscrypt-proxy,
2025-09-02T07:12:57.835436,google.com,99,2.11,22,25,dnscrypt-proxy,
2025-09-02T07:12:57.852346,google.com,100,2.36,22,25,dnscrypt-proxy,
2025-09-02T07:12:57.977932,youtube.com,1,111.35,23,25,dnscrypt-proxy,
2025-09-02T07:12:57.997931,youtube.com,2,2.24,23,25,dnscrypt-proxy,
2025-09-02T07:12:58.015558,youtube.com,3,2.13,23,25,dnscrypt-proxy,
2025-09-02T07:12:58.031445,youtube.com,4,2.14,23,25,dnscrypt-proxy,
2025-09-02T07:12:58.047655,youtube.com,5,2.14,23,25,dnscrypt-proxy,
2025-09-02T07:12:58.063721,youtube.com,6,2.14,23,25,dnscrypt-proxy,
2025-09-02T07:12:58.083819,youtube.com,7,2.17,23,25,dnscrypt-proxy,
2025-09-02T07:12:58.100457,youtube.com,8,2.15,23,25,dnscrypt-proxy,
2025-09-02T07:12:58.117392,youtube.com,9,2.37,23,25,dnscrypt-proxy,
2025-09-02T07:12:58.133943,youtube.com,10,2.42,23,25,dnscrypt-proxy,
2025-09-02T07:12:58.149774,youtube.com,11,2.15,23,25,dnscrypt-proxy,
2025-09-02T07:12:58.165933,youtube.com,12,2.38,23,25,dnscrypt-proxy,
2025-09-02T07:12:58.181592,youtube.com,13,2.25,23,25,dnscrypt-proxy,
2025-09-02T07:12:58.197491,youtube.com,14,2.13,23,25,dnscrypt-proxy,
2025-09-02T07:12:58.213671,youtube.com,15,2.13,23,25,dnscrypt-proxy,
2025-09-02T07:12:58.229892,youtube.com,16,2.28,23,25,dnscrypt-proxy,
2025-09-02T07:12:58.245732,youtube.com,17,2.12,23,25,dnscrypt-proxy,
2025-09-02T07:12:58.261940,youtube.com,18,2.26,23,25,dnscrypt-proxy,
2025-09-02T07:12:58.278288,youtube.com,19,2.37,23,25,dnscrypt-proxy,
2025-09-02T07:12:58.294609,youtube.com,20,2.14,23,25,dnscrypt-proxy,
2025-09-02T07:12:58.310274,youtube.com,21,2.1,23,25,dnscrypt-proxy,
2025-09-02T07:12:58.327737,youtube.com,22,2.15,23,25,dnscrypt-proxy,
2025-09-02T07:12:58.345508,youtube.com,23,2.11,23,25,dnscrypt-proxy,
2025-09-02T07:12:58.362144,youtube.com,24,2.33,23,25,dnscrypt-proxy,
2025-09-02T07:12:58.379320,youtube.com,25,2.34,23,25,dnscrypt-proxy,
2025-09-02T07:12:58.395508,youtube.com,26,2.13,23,25,dnscrypt-proxy,
2025-09-02T07:12:58.412336,youtube.com,27,2.38,23,25,dnscrypt-proxy,
2025-09-02T07:12:58.428673,youtube.com,28,2.1,23,25,dnscrypt-proxy,
2025-09-02T07:12:58.444869,youtube.com,29,2.26,23,25,dnscrypt-proxy,
2025-09-02T07:12:58.460625,youtube.com,30,2.12,23,25,dnscrypt-proxy,
2025-09-02T07:12:58.476540,youtube.com,31,2.35,23,25,dnscrypt-proxy,
2025-09-02T07:12:58.492726,youtube.com,32,2.11,23,25,dnscrypt-proxy,
2025-09-02T07:12:58.509148,youtube.com,33,2.41,23,25,dnscrypt-proxy,
2025-09-02T07:12:58.525105,youtube.com,34,2.39,23,25,dnscrypt-proxy,
2025-09-02T07:12:58.541366,youtube.com,35,2.34,23,25,dnscrypt-proxy,
2025-09-02T07:12:58.559776,youtube.com,36,4.35,23,25,dnscrypt-proxy,
2025-09-02T07:12:58.577732,youtube.com,37,2.18,23,25,dnscrypt-proxy,
2025-09-02T07:12:58.595460,youtube.com,38,2.22,23,25,dnscrypt-proxy,
2025-09-02T07:12:58.611843,youtube.com,39,2.24,23,25,dnscrypt-proxy,
2025-09-02T07:12:58.628733,youtube.com,40,2.4,23,25,dnscrypt-proxy,
2025-09-02T07:12:58.644932,youtube.com,41,2.29,23,25,dnscrypt-proxy,
2025-09-02T07:12:58.661563,youtube.com,42,2.48,23,25,dnscrypt-proxy,
2025-09-02T07:12:58.678457,youtube.com,43,2.53,23,25,dnscrypt-proxy,
2025-09-02T07:12:58.696158,youtube.com,44,2.48,23,25,dnscrypt-proxy,
2025-09-02T07:12:58.712575,youtube.com,45,2.16,23,25,dnscrypt-proxy,
2025-09-02T07:12:58.728638,youtube.com,46,2.11,23,25,dnscrypt-proxy,
2025-09-02T07:12:58.744400,youtube.com,47,2.34,23,25,dnscrypt-proxy,
2025-09-02T07:12:58.760722,youtube.com,48,2.18,23,25,dnscrypt-proxy,
2025-09-02T07:12:58.776623,youtube.com,49,2.24,23,25,dnscrypt-proxy,
2025-09-02T07:12:58.793788,youtube.com,50,2.1,23,25,dnscrypt-proxy,
2025-09-02T07:12:58.811410,youtube.com,51,2.14,23,25,dnscrypt-proxy,
2025-09-02T07:12:58.830603,youtube.com,52,2.15,23,25,dnscrypt-proxy,
2025-09-02T07:12:58.846625,youtube.com,53,2.17,23,25,dnscrypt-proxy,
2025-09-02T07:12:58.862422,youtube.com,54,2.06,23,25,dnscrypt-proxy,
2025-09-02T07:12:58.879241,youtube.com,55,2.33,23,25,dnscrypt-proxy,
2025-09-02T07:12:58.895771,youtube.com,56,2.12,23,25,dnscrypt-proxy,
2025-09-02T07:12:58.911556,youtube.com,57,2.13,23,25,dnscrypt-proxy,
2025-09-02T07:12:58.929724,youtube.com,58,2.14,23,25,dnscrypt-proxy,
2025-09-02T07:12:58.945556,youtube.com,59,2.14,23,25,dnscrypt-proxy,
2025-09-02T07:12:58.961582,youtube.com,60,2.1,23,25,dnscrypt-proxy,
2025-09-02T07:12:58.978536,youtube.com,61,2.12,23,25,dnscrypt-proxy,
2025-09-02T07:12:58.995922,youtube.com,62,2.35,23,25,dnscrypt-proxy,
2025-09-02T07:12:59.013673,youtube.com,63,2.09,23,25,dnscrypt-proxy,
2025-09-02T07:12:59.029493,youtube.com,64,2.1,23,25,dnscrypt-proxy,
2025-09-02T07:12:59.045527,youtube.com,65,2.21,23,25,dnscrypt-proxy,
2025-09-02T07:12:59.061727,youtube.com,66,2.14,23,25,dnscrypt-proxy,
2025-09-02T07:12:59.077672,youtube.com,67,2.22,23,25,dnscrypt-proxy,
2025-09-02T07:12:59.093511,youtube.com,68,2.16,23,25,dnscrypt-proxy,
2025-09-02T07:12:59.110537,youtube.com,69,2.09,23,25,dnscrypt-proxy,
2025-09-02T07:12:59.126685,youtube.com,70,2.12,23,25,dnscrypt-proxy,
2025-09-02T07:12:59.144846,youtube.com,71,2.17,23,25,dnscrypt-proxy,
2025-09-02T07:12:59.163291,youtube.com,72,2.34,23,25,dnscrypt-proxy,
2025-09-02T07:12:59.179625,youtube.com,73,2.11,23,25,dnscrypt-proxy,
2025-09-02T07:12:59.195599,youtube.com,74,2.2,23,25,dnscrypt-proxy,
2025-09-02T07:12:59.211703,youtube.com,75,2.13,23,25,dnscrypt-proxy,
2025-09-02T07:12:59.227715,youtube.com,76,2.12,23,25,dnscrypt-proxy,
2025-09-02T07:12:59.243697,youtube.com,77,2.12,23,25,dnscrypt-proxy,
2025-09-02T07:12:59.259708,youtube.com,78,2.12,23,25,dnscrypt-proxy,
2025-09-02T07:12:59.275547,youtube.com,79,2.13,23,25,dnscrypt-proxy,
2025-09-02T07:12:59.291678,youtube.com,80,2.14,23,25,dnscrypt-proxy,
2025-09-02T07:12:59.307687,youtube.com,81,2.12,23,25,dnscrypt-proxy,
2025-09-02T07:12:59.323628,youtube.com,82,2.1,23,25,dnscrypt-proxy,
2025-09-02T07:12:59.339540,youtube.com,83,2.09,23,25,dnscrypt-proxy,
2025-09-02T07:12:59.355569,youtube.com,84,2.11,23,25,dnscrypt-proxy,
2025-09-02T07:12:59.371577,youtube.com,85,2.08,23,25,dnscrypt-proxy,
2025-09-02T07:12:59.388703,youtube.com,86,2.08,23,25,dnscrypt-proxy,
2025-09-02T07:12:59.404652,youtube.com,87,2.1,23,25,dnscrypt-proxy,
2025-09-02T07:12:59.420649,youtube.com,88,2.1,23,25,dnscrypt-proxy,
2025-09-02T07:12:59.436735,youtube.com,89,2.14,23,25,dnscrypt-proxy,
2025-09-02T07:12:59.452427,youtube.com,90,2.13,23,25,dnscrypt-proxy,
2025-09-02T07:12:59.468485,youtube.com,91,2.36,23,25,dnscrypt-proxy,
2025-09-02T07:12:59.484576,youtube.com,92,2.13,23,25,dnscrypt-proxy,
2025-09-02T07:12:59.500475,youtube.com,93,2.11,23,25,dnscrypt-proxy,
2025-09-02T07:12:59.516698,youtube.com,94,2.12,23,25,dnscrypt-proxy,
2025-09-02T07:12:59.535117,youtube.com,95,2.53,23,25,dnscrypt-proxy,
2025-09-02T07:12:59.550811,youtube.com,96,2.17,23,25,dnscrypt-proxy,
2025-09-02T07:12:59.568932,youtube.com,97,2.27,23,25,dnscrypt-proxy,
2025-09-02T07:12:59.584656,youtube.com,98,2.1,23,25,dnscrypt-proxy,
2025-09-02T07:12:59.601207,youtube.com,99,2.32,23,25,dnscrypt-proxy,
2025-09-02T07:12:59.618153,youtube.com,100,2.45,23,25,dnscrypt-proxy,
2025-09-02T07:12:59.657026,cloudflare.com,1,24.22,26,40,dnscrypt-proxy,
2025-09-02T07:12:59.676702,cloudflare.com,2,2.78,26,40,dnscrypt-proxy,
2025-09-02T07:12:59.694388,cloudflare.com,3,2.72,26,40,dnscrypt-proxy,
2025-09-02T07:12:59.710972,cloudflare.com,4,2.36,26,40,dnscrypt-proxy,
2025-09-02T07:12:59.727170,cloudflare.com,5,2.48,26,40,dnscrypt-proxy,
2025-09-02T07:12:59.745134,cloudflare.com,6,2.43,26,40,dnscrypt-proxy,
2025-09-02T07:12:59.761936,cloudflare.com,7,2.32,26,40,dnscrypt-proxy,
2025-09-02T07:12:59.778111,cloudflare.com,8,2.45,26,40,dnscrypt-proxy,
2025-09-02T07:12:59.794025,cloudflare.com,9,2.35,26,40,dnscrypt-proxy,
2025-09-02T07:12:59.810542,cloudflare.com,10,2.9,26,40,dnscrypt-proxy,
2025-09-02T07:12:59.826379,cloudflare.com,11,2.52,26,40,dnscrypt-proxy,
2025-09-02T07:12:59.842005,cloudflare.com,12,2.37,26,40,dnscrypt-proxy,
2025-09-02T07:12:59.857816,cloudflare.com,13,2.35,26,40,dnscrypt-proxy,
2025-09-02T07:12:59.873931,cloudflare.com,14,2.36,26,40,dnscrypt-proxy,
2025-09-02T07:12:59.889625,cloudflare.com,15,2.36,26,40,dnscrypt-proxy,
2025-09-02T07:12:59.905900,cloudflare.com,16,2.38,26,40,dnscrypt-proxy,
2025-09-02T07:12:59.921956,cloudflare.com,17,2.34,26,40,dnscrypt-proxy,
2025-09-02T07:12:59.938702,cloudflare.com,18,2.31,26,40,dnscrypt-proxy,
2025-09-02T07:12:59.954694,cloudflare.com,19,2.33,26,40,dnscrypt-proxy,
2025-09-02T07:12:59.970737,cloudflare.com,20,2.34,26,40,dnscrypt-proxy,
2025-09-02T07:12:59.986776,cloudflare.com,21,2.33,26,40,dnscrypt-proxy,
2025-09-02T07:13:00.002739,cloudflare.com,22,2.36,26,40,dnscrypt-proxy,
2025-09-02T07:13:00.018765,cloudflare.com,23,2.35,26,40,dnscrypt-proxy,
2025-09-02T07:13:00.034866,cloudflare.com,24,2.34,26,40,dnscrypt-proxy,
2025-09-02T07:13:00.050905,cloudflare.com,25,2.34,26,40,dnscrypt-proxy,
2025-09-02T07:13:00.066775,cloudflare.com,26,2.31,26,40,dnscrypt-proxy,
2025-09-02T07:13:00.082817,cloudflare.com,27,2.32,26,40,dnscrypt-proxy,
2025-09-02T07:13:00.098783,cloudflare.com,28,2.41,26,40,dnscrypt-proxy,
2025-09-02T07:13:00.114898,cloudflare.com,29,2.41,26,40,dnscrypt-proxy,
2025-09-02T07:13:00.130807,cloudflare.com,30,2.34,26,40,dnscrypt-proxy,
2025-09-02T07:13:00.146540,cloudflare.com,31,2.54,26,40,dnscrypt-proxy,
2025-09-02T07:13:00.162727,cloudflare.com,32,2.45,26,40,dnscrypt-proxy,
2025-09-02T07:13:00.178730,cloudflare.com,33,2.33,26,40,dnscrypt-proxy,
2025-09-02T07:13:00.194884,cloudflare.com,34,2.35,26,40,dnscrypt-proxy,
2025-09-02T07:13:00.210871,cloudflare.com,35,2.37,26,40,dnscrypt-proxy,
2025-09-02T07:13:00.226626,cloudflare.com,36,2.54,26,40,dnscrypt-proxy,
2025-09-02T07:13:00.242359,cloudflare.com,37,2.56,26,40,dnscrypt-proxy,
2025-09-02T07:13:00.258420,cloudflare.com,38,2.57,26,40,dnscrypt-proxy,
2025-09-02T07:13:00.274708,cloudflare.com,39,2.39,26,40,dnscrypt-proxy,
2025-09-02T07:13:00.290616,cloudflare.com,40,2.32,26,40,dnscrypt-proxy,
2025-09-02T07:13:00.306709,cloudflare.com,41,2.34,26,40,dnscrypt-proxy,
2025-09-02T07:13:00.323552,cloudflare.com,42,2.53,26,40,dnscrypt-proxy,
2025-09-02T07:13:00.339638,cloudflare.com,43,2.35,26,40,dnscrypt-proxy,
2025-09-02T07:13:00.355715,cloudflare.com,44,2.42,26,40,dnscrypt-proxy,
2025-09-02T07:13:00.372742,cloudflare.com,45,2.33,26,40,dnscrypt-proxy,
2025-09-02T07:13:00.389867,cloudflare.com,46,2.34,26,40,dnscrypt-proxy,
2025-09-02T07:13:00.405967,cloudflare.com,47,2.34,26,40,dnscrypt-proxy,
2025-09-02T07:13:00.421602,cloudflare.com,48,2.32,26,40,dnscrypt-proxy,
2025-09-02T07:13:00.440667,cloudflare.com,49,2.32,26,40,dnscrypt-proxy,
2025-09-02T07:13:00.456700,cloudflare.com,50,2.3,26,40,dnscrypt-proxy,
2025-09-02T07:13:00.472762,cloudflare.com,51,2.3,26,40,dnscrypt-proxy,
2025-09-02T07:13:00.488946,cloudflare.com,52,2.3,26,40,dnscrypt-proxy,
2025-09-02T07:13:00.505891,cloudflare.com,53,2.32,26,40,dnscrypt-proxy,
2025-09-02T07:13:00.523734,cloudflare.com,54,2.36,26,40,dnscrypt-proxy,
2025-09-02T07:13:00.540018,cloudflare.com,55,2.36,26,40,dnscrypt-proxy,
2025-09-02T07:13:00.557608,cloudflare.com,56,2.29,26,40,dnscrypt-proxy,
2025-09-02T07:13:00.573965,cloudflare.com,57,2.36,26,40,dnscrypt-proxy,
2025-09-02T07:13:00.590614,cloudflare.com,58,2.28,26,40,dnscrypt-proxy,
2025-09-02T07:13:00.607461,cloudflare.com,59,2.57,26,40,dnscrypt-proxy,
2025-09-02T07:13:00.623704,cloudflare.com,60,2.36,26,40,dnscrypt-proxy,
2025-09-02T07:13:00.639748,cloudflare.com,61,2.33,26,40,dnscrypt-proxy,
2025-09-02T07:13:00.656127,cloudflare.com,62,2.54,26,40,dnscrypt-proxy,
2025-09-02T07:13:00.674832,cloudflare.com,63,2.36,26,40,dnscrypt-proxy,
2025-09-02T07:13:00.690670,cloudflare.com,64,2.34,26,40,dnscrypt-proxy,
2025-09-02T07:13:00.708123,cloudflare.com,65,2.43,26,40,dnscrypt-proxy,
2025-09-02T07:13:00.724499,cloudflare.com,66,2.47,26,40,dnscrypt-proxy,
2025-09-02T07:13:00.741137,cloudflare.com,67,2.49,26,40,dnscrypt-proxy,
2025-09-02T07:13:00.757502,cloudflare.com,68,2.55,26,40,dnscrypt-proxy,
2025-09-02T07:13:00.774892,cloudflare.com,69,2.33,26,40,dnscrypt-proxy,
2025-09-02T07:13:00.790944,cloudflare.com,70,2.34,26,40,dnscrypt-proxy,
2025-09-02T07:13:00.808812,cloudflare.com,71,2.33,26,40,dnscrypt-proxy,
2025-09-02T07:13:00.824920,cloudflare.com,72,2.32,26,40,dnscrypt-proxy,
2025-09-02T07:13:00.843906,cloudflare.com,73,2.35,26,40,dnscrypt-proxy,
2025-09-02T07:13:00.859601,cloudflare.com,74,2.33,26,40,dnscrypt-proxy,
2025-09-02T07:13:00.877128,cloudflare.com,75,2.44,26,40,dnscrypt-proxy,
2025-09-02T07:13:00.895403,cloudflare.com,76,2.67,26,40,dnscrypt-proxy,
2025-09-02T07:13:00.911987,cloudflare.com,77,2.34,26,40,dnscrypt-proxy,
2025-09-02T07:13:00.928127,cloudflare.com,78,2.44,26,40,dnscrypt-proxy,
2025-09-02T07:13:00.944906,cloudflare.com,79,2.35,26,40,dnscrypt-proxy,
2025-09-02T07:13:00.961393,cloudflare.com,80,2.58,26,40,dnscrypt-proxy,
2025-09-02T07:13:00.977897,cloudflare.com,81,2.36,26,40,dnscrypt-proxy,
2025-09-02T07:13:00.993809,cloudflare.com,82,2.32,26,40,dnscrypt-proxy,
2025-09-02T07:13:01.011345,cloudflare.com,83,2.64,26,40,dnscrypt-proxy,
2025-09-02T07:13:01.027936,cloudflare.com,84,3.0,26,40,dnscrypt-proxy,
2025-09-02T07:13:01.043861,cloudflare.com,85,2.36,26,40,dnscrypt-proxy,
2025-09-02T07:13:01.059745,cloudflare.com,86,2.34,26,40,dnscrypt-proxy,
2025-09-02T07:13:01.075581,cloudflare.com,87,2.53,26,40,dnscrypt-proxy,
2025-09-02T07:13:01.091684,cloudflare.com,88,2.33,26,40,dnscrypt-proxy,
2025-09-02T07:13:01.107868,cloudflare.com,89,2.33,26,40,dnscrypt-proxy,
2025-09-02T07:13:01.123793,cloudflare.com,90,2.32,26,40,dnscrypt-proxy,
2025-09-02T07:13:01.140936,cloudflare.com,91,2.38,26,40,dnscrypt-proxy,
2025-09-02T07:13:01.156890,cloudflare.com,92,2.38,26,40,dnscrypt-proxy,
2025-09-02T07:13:01.172930,cloudflare.com,93,2.38,26,40,dnscrypt-proxy,
2025-09-02T07:13:01.188577,cloudflare.com,94,2.31,26,40,dnscrypt-proxy,
2025-09-02T07:13:01.204728,cloudflare.com,95,2.32,26,40,dnscrypt-proxy,
2025-09-02T07:13:01.220962,cloudflare.com,96,2.38,26,40,dnscrypt-proxy,
2025-09-02T07:13:01.236965,cloudflare.com,97,2.37,26,40,dnscrypt-proxy,
2025-09-02T07:13:01.252783,cloudflare.com,98,2.32,26,40,dnscrypt-proxy,
2025-09-02T07:13:01.268967,cloudflare.com,99,2.34,26,40,dnscrypt-proxy,
2025-09-02T07:13:01.284931,cloudflare.com,100,2.35,26,40,dnscrypt-proxy,
2025-09-02T07:13:01.300636,spotify.com,1,2.13,23,25,dnscrypt-proxy,
2025-09-02T07:13:01.316392,spotify.com,2,2.08,23,25,dnscrypt-proxy,
2025-09-02T07:13:01.332444,spotify.com,3,2.43,23,25,dnscrypt-proxy,
2025-09-02T07:13:01.348609,spotify.com,4,2.15,23,25,dnscrypt-proxy,
2025-09-02T07:13:01.364533,spotify.com,5,2.09,23,25,dnscrypt-proxy,
2025-09-02T07:13:01.380646,spotify.com,6,2.11,23,25,dnscrypt-proxy,
2025-09-02T07:13:01.396665,spotify.com,7,2.1,23,25,dnscrypt-proxy,
2025-09-02T07:13:01.412630,spotify.com,8,2.13,23,25,dnscrypt-proxy,
2025-09-02T07:13:01.428539,spotify.com,9,2.12,23,25,dnscrypt-proxy,
2025-09-02T07:13:01.444603,spotify.com,10,2.09,23,25,dnscrypt-proxy,
2025-09-02T07:13:01.460563,spotify.com,11,2.13,23,25,dnscrypt-proxy,
2025-09-02T07:13:01.477094,spotify.com,12,2.4,23,25,dnscrypt-proxy,
2025-09-02T07:13:01.492654,spotify.com,13,2.13,23,25,dnscrypt-proxy,
2025-09-02T07:13:01.508595,spotify.com,14,2.14,23,25,dnscrypt-proxy,
2025-09-02T07:13:01.524735,spotify.com,15,2.15,23,25,dnscrypt-proxy,
2025-09-02T07:13:01.540658,spotify.com,16,2.12,23,25,dnscrypt-proxy,
2025-09-02T07:13:01.556650,spotify.com,17,2.14,23,25,dnscrypt-proxy,
2025-09-02T07:13:01.572588,spotify.com,18,2.13,23,25,dnscrypt-proxy,
2025-09-02T07:13:01.588949,spotify.com,19,2.22,23,25,dnscrypt-proxy,
2025-09-02T07:13:01.604652,spotify.com,20,2.32,23,25,dnscrypt-proxy,
2025-09-02T07:13:01.620709,spotify.com,21,2.12,23,25,dnscrypt-proxy,
2025-09-02T07:13:01.636743,spotify.com,22,2.13,23,25,dnscrypt-proxy,
2025-09-02T07:13:01.652696,spotify.com,23,2.14,23,25,dnscrypt-proxy,
2025-09-02T07:13:01.668541,spotify.com,24,2.08,23,25,dnscrypt-proxy,
2025-09-02T07:13:01.684515,spotify.com,25,2.1,23,25,dnscrypt-proxy,
2025-09-02T07:13:01.701248,spotify.com,26,2.33,23,25,dnscrypt-proxy,
2025-09-02T07:13:01.717565,spotify.com,27,2.1,23,25,dnscrypt-proxy,
2025-09-02T07:13:01.733490,spotify.com,28,2.17,23,25,dnscrypt-proxy,
2025-09-02T07:13:01.749588,spotify.com,29,2.11,23,25,dnscrypt-proxy,
2025-09-02T07:13:01.765633,spotify.com,30,2.1,23,25,dnscrypt-proxy,
2025-09-02T07:13:01.781450,spotify.com,31,2.11,23,25,dnscrypt-proxy,
2025-09-02T07:13:01.799128,spotify.com,32,2.43,23,25,dnscrypt-proxy,
2025-09-02T07:13:01.815719,spotify.com,33,2.11,23,25,dnscrypt-proxy,
2025-09-02T07:13:01.831607,spotify.com,34,2.1,23,25,dnscrypt-proxy,
2025-09-02T07:13:01.848645,spotify.com,35,2.09,23,25,dnscrypt-proxy,
2025-09-02T07:13:01.864806,spotify.com,36,2.17,23,25,dnscrypt-proxy,
2025-09-02T07:13:01.882182,spotify.com,37,2.79,23,25,dnscrypt-proxy,
2025-09-02T07:13:01.898866,spotify.com,38,1.29,23,25,dnscrypt-proxy,
2025-09-02T07:13:01.913921,spotify.com,39,1.29,23,25,dnscrypt-proxy,
2025-09-02T07:13:01.929991,spotify.com,40,1.32,23,25,dnscrypt-proxy,
2025-09-02T07:13:01.945778,spotify.com,41,1.35,23,25,dnscrypt-proxy,
2025-09-02T07:13:01.961480,spotify.com,42,1.28,23,25,dnscrypt-proxy,
2025-09-02T07:13:01.976687,spotify.com,43,1.32,23,25,dnscrypt-proxy,
2025-09-02T07:13:01.991084,spotify.com,44,1.14,23,25,dnscrypt-proxy,
2025-09-02T07:13:02.005486,spotify.com,45,1.27,23,25,dnscrypt-proxy,
2025-09-02T07:13:02.022840,spotify.com,46,1.06,23,25,dnscrypt-proxy,
2025-09-02T07:13:02.037012,spotify.com,47,1.06,23,25,dnscrypt-proxy,
2025-09-02T07:13:02.051914,spotify.com,48,1.26,23,25,dnscrypt-proxy,
2025-09-02T07:13:02.066779,spotify.com,49,1.36,23,25,dnscrypt-proxy,
2025-09-02T07:13:02.082574,spotify.com,50,1.25,23,25,dnscrypt-proxy,
2025-09-02T07:13:02.098922,spotify.com,51,1.36,23,25,dnscrypt-proxy,
2025-09-02T07:13:02.113728,spotify.com,52,1.26,23,25,dnscrypt-proxy,
2025-09-02T07:13:02.128904,spotify.com,53,1.4,23,25,dnscrypt-proxy,
2025-09-02T07:13:02.143091,spotify.com,54,1.11,23,25,dnscrypt-proxy,
2025-09-02T07:13:02.157807,spotify.com,55,1.24,23,25,dnscrypt-proxy,
2025-09-02T07:13:02.174683,spotify.com,56,1.25,23,25,dnscrypt-proxy,
2025-09-02T07:13:02.189072,spotify.com,57,1.14,23,25,dnscrypt-proxy,
2025-09-02T07:13:02.204048,spotify.com,58,1.63,23,25,dnscrypt-proxy,
2025-09-02T07:13:02.218026,spotify.com,59,1.1,23,25,dnscrypt-proxy,
2025-09-02T07:13:02.232408,spotify.com,60,1.27,23,25,dnscrypt-proxy,
2025-09-02T07:13:02.246440,spotify.com,61,1.32,23,25,dnscrypt-proxy,
2025-09-02T07:13:02.261709,spotify.com,62,1.42,23,25,dnscrypt-proxy,
2025-09-02T07:13:02.275688,spotify.com,63,1.32,23,25,dnscrypt-proxy,
2025-09-02T07:13:02.291213,spotify.com,64,2.41,23,25,dnscrypt-proxy,
2025-09-02T07:13:02.309588,spotify.com,65,2.21,23,25,dnscrypt-proxy,
2025-09-02T07:13:02.325831,spotify.com,66,2.24,23,25,dnscrypt-proxy,
2025-09-02T07:13:02.341967,spotify.com,67,2.27,23,25,dnscrypt-proxy,
2025-09-02T07:13:02.357782,spotify.com,68,2.22,23,25,dnscrypt-proxy,
2025-09-02T07:13:02.373780,spotify.com,69,2.16,23,25,dnscrypt-proxy,
2025-09-02T07:13:02.389927,spotify.com,70,2.29,23,25,dnscrypt-proxy,
2025-09-02T07:13:02.405650,spotify.com,71,2.13,23,25,dnscrypt-proxy,
2025-09-02T07:13:02.421748,spotify.com,72,2.24,23,25,dnscrypt-proxy,
2025-09-02T07:13:02.438138,spotify.com,73,2.49,23,25,dnscrypt-proxy,
2025-09-02T07:13:02.455423,spotify.com,74,2.46,23,25,dnscrypt-proxy,
2025-09-02T07:13:02.472327,spotify.com,75,2.52,23,25,dnscrypt-proxy,
2025-09-02T07:13:02.488832,spotify.com,76,2.1,23,25,dnscrypt-proxy,
2025-09-02T07:13:02.506512,spotify.com,77,2.18,23,25,dnscrypt-proxy,
2025-09-02T07:13:02.525168,spotify.com,78,1.45,23,25,dnscrypt-proxy,
2025-09-02T07:13:02.544180,spotify.com,79,2.48,23,25,dnscrypt-proxy,
2025-09-02T07:13:02.560700,spotify.com,80,2.14,23,25,dnscrypt-proxy,
2025-09-02T07:13:02.577279,spotify.com,81,2.37,23,25,dnscrypt-proxy,
2025-09-02T07:13:02.594621,spotify.com,82,2.03,23,25,dnscrypt-proxy,
2025-09-02T07:13:02.611348,spotify.com,83,2.04,23,25,dnscrypt-proxy,
2025-09-02T07:13:02.626998,spotify.com,84,1.12,23,25,dnscrypt-proxy,
2025-09-02T07:13:02.642932,spotify.com,85,1.39,23,25,dnscrypt-proxy,
2025-09-02T07:13:02.657699,spotify.com,86,1.49,23,25,dnscrypt-proxy,
2025-09-02T07:13:02.672582,spotify.com,87,1.35,23,25,dnscrypt-proxy,
2025-09-02T07:13:02.687750,spotify.com,88,1.45,23,25,dnscrypt-proxy,
2025-09-02T07:13:02.702435,spotify.com,89,1.2,23,25,dnscrypt-proxy,
2025-09-02T07:13:02.718980,spotify.com,90,1.3,23,25,dnscrypt-proxy,
2025-09-02T07:13:02.733034,spotify.com,91,1.14,23,25,dnscrypt-proxy,
2025-09-02T07:13:02.748785,spotify.com,92,1.26,23,25,dnscrypt-proxy,
2025-09-02T07:13:02.763106,spotify.com,93,1.21,23,25,dnscrypt-proxy,
2025-09-02T07:13:02.778585,spotify.com,94,1.31,23,25,dnscrypt-proxy,
2025-09-02T07:13:02.792840,spotify.com,95,1.13,23,25,dnscrypt-proxy,
2025-09-02T07:13:02.810261,spotify.com,96,1.2,23,25,dnscrypt-proxy,
2025-09-02T07:13:02.827710,spotify.com,97,1.3,23,25,dnscrypt-proxy,
2025-09-02T07:13:02.842452,spotify.com,98,1.16,23,25,dnscrypt-proxy,
2025-09-02T07:13:02.856795,spotify.com,99,1.07,23,25,dnscrypt-proxy,
2025-09-02T07:13:02.872797,spotify.com,100,1.37,23,25,dnscrypt-proxy,
2025-09-02T07:13:03.365992,telegram.com,1,479.84,24,25,dnscrypt-proxy,
2025-09-02T07:13:03.387138,telegram.com,2,2.4,24,25,dnscrypt-proxy,
2025-09-02T07:13:03.404507,telegram.com,3,2.1,24,25,dnscrypt-proxy,
2025-09-02T07:13:03.420654,telegram.com,4,2.12,24,25,dnscrypt-proxy,
2025-09-02T07:13:03.437439,telegram.com,5,2.12,24,25,dnscrypt-proxy,
2025-09-02T07:13:03.455555,telegram.com,6,2.1,24,25,dnscrypt-proxy,
2025-09-02T07:13:03.471611,telegram.com,7,2.13,24,25,dnscrypt-proxy,
2025-09-02T07:13:03.487617,telegram.com,8,2.11,24,25,dnscrypt-proxy,
2025-09-02T07:13:03.503230,telegram.com,9,2.05,24,25,dnscrypt-proxy,
2025-09-02T07:13:03.518682,telegram.com,10,2.12,24,25,dnscrypt-proxy,
2025-09-02T07:13:03.534439,telegram.com,11,2.15,24,25,dnscrypt-proxy,
2025-09-02T07:13:03.550503,telegram.com,12,2.14,24,25,dnscrypt-proxy,
2025-09-02T07:13:03.569700,telegram.com,13,2.11,24,25,dnscrypt-proxy,
2025-09-02T07:13:03.586384,telegram.com,14,2.43,24,25,dnscrypt-proxy,
2025-09-02T07:13:03.604025,telegram.com,15,2.23,24,25,dnscrypt-proxy,
2025-09-02T07:13:03.621148,telegram.com,16,2.54,24,25,dnscrypt-proxy,
2025-09-02T07:13:03.637674,telegram.com,17,1.87,24,25,dnscrypt-proxy,
2025-09-02T07:13:03.654155,telegram.com,18,2.46,24,25,dnscrypt-proxy,
2025-09-02T07:13:03.672799,telegram.com,19,2.28,24,25,dnscrypt-proxy,
2025-09-02T07:13:03.689815,telegram.com,20,2.1,24,25,dnscrypt-proxy,
2025-09-02T07:13:03.706292,telegram.com,21,2.52,24,25,dnscrypt-proxy,
2025-09-02T07:13:03.723690,telegram.com,22,2.32,24,25,dnscrypt-proxy,
2025-09-02T07:13:03.740265,telegram.com,23,2.53,24,25,dnscrypt-proxy,
2025-09-02T07:13:03.759188,telegram.com,24,2.21,24,25,dnscrypt-proxy,
2025-09-02T07:13:03.775612,telegram.com,25,2.16,24,25,dnscrypt-proxy,
2025-09-02T07:13:03.791807,telegram.com,26,2.22,24,25,dnscrypt-proxy,
2025-09-02T07:13:03.808574,telegram.com,27,2.7,24,25,dnscrypt-proxy,
2025-09-02T07:13:03.824710,telegram.com,28,2.2,24,25,dnscrypt-proxy,
2025-09-02T07:13:03.842515,telegram.com,29,2.58,24,25,dnscrypt-proxy,
2025-09-02T07:13:03.859143,telegram.com,30,2.33,24,25,dnscrypt-proxy,
2025-09-02T07:13:03.875456,telegram.com,31,2.36,24,25,dnscrypt-proxy,
2025-09-02T07:13:03.892433,telegram.com,32,2.83,24,25,dnscrypt-proxy,
2025-09-02T07:13:03.908644,telegram.com,33,2.19,24,25,dnscrypt-proxy,
2025-09-02T07:13:03.924733,telegram.com,34,2.12,24,25,dnscrypt-proxy,
2025-09-02T07:13:03.943677,telegram.com,35,2.17,24,25,dnscrypt-proxy,
2025-09-02T07:13:03.959664,telegram.com,36,2.12,24,25,dnscrypt-proxy,
2025-09-02T07:13:03.975638,telegram.com,37,2.16,24,25,dnscrypt-proxy,
2025-09-02T07:13:03.992136,telegram.com,38,2.46,24,25,dnscrypt-proxy,
2025-09-02T07:13:04.007625,telegram.com,39,1.9,24,25,dnscrypt-proxy,
2025-09-02T07:13:04.024829,telegram.com,40,2.18,24,25,dnscrypt-proxy,
2025-09-02T07:13:04.042100,telegram.com,41,1.96,24,25,dnscrypt-proxy,
2025-09-02T07:13:04.060735,telegram.com,42,4.21,24,25,dnscrypt-proxy,
2025-09-02T07:13:04.079821,telegram.com,43,2.23,24,25,dnscrypt-proxy,
2025-09-02T07:13:04.096577,telegram.com,44,2.37,24,25,dnscrypt-proxy,
2025-09-02T07:13:04.112899,telegram.com,45,2.26,24,25,dnscrypt-proxy,
2025-09-02T07:13:04.129874,telegram.com,46,2.51,24,25,dnscrypt-proxy,
2025-09-02T07:13:04.149319,telegram.com,47,2.46,24,25,dnscrypt-proxy,
2025-09-02T07:13:04.167370,telegram.com,48,2.5,24,25,dnscrypt-proxy,
2025-09-02T07:13:04.186750,telegram.com,49,2.1,24,25,dnscrypt-proxy,
2025-09-02T07:13:04.204479,telegram.com,50,1.98,24,25,dnscrypt-proxy,
2025-09-02T07:13:04.220732,telegram.com,51,2.24,24,25,dnscrypt-proxy,
2025-09-02T07:13:04.236749,telegram.com,52,2.28,24,25,dnscrypt-proxy,
2025-09-02T07:13:04.252636,telegram.com,53,2.22,24,25,dnscrypt-proxy,
2025-09-02T07:13:04.268780,telegram.com,54,2.12,24,25,dnscrypt-proxy,
2025-09-02T07:13:04.285055,telegram.com,55,2.35,24,25,dnscrypt-proxy,
2025-09-02T07:13:04.300582,telegram.com,56,2.11,24,25,dnscrypt-proxy,
2025-09-02T07:13:04.316800,telegram.com,57,2.2,24,25,dnscrypt-proxy,
2025-09-02T07:13:04.332733,telegram.com,58,2.19,24,25,dnscrypt-proxy,
2025-09-02T07:13:04.348806,telegram.com,59,2.21,24,25,dnscrypt-proxy,
2025-09-02T07:13:04.364719,telegram.com,60,2.1,24,25,dnscrypt-proxy,
2025-09-02T07:13:04.380699,telegram.com,61,2.18,24,25,dnscrypt-proxy,
2025-09-02T07:13:04.396977,telegram.com,62,2.38,24,25,dnscrypt-proxy,
2025-09-02T07:13:04.412851,telegram.com,63,1.61,24,25,dnscrypt-proxy,
2025-09-02T07:13:04.428466,telegram.com,64,2.04,24,25,dnscrypt-proxy,
2025-09-02T07:13:04.444709,telegram.com,65,2.17,24,25,dnscrypt-proxy,
2025-09-02T07:13:04.460370,telegram.com,66,2.13,24,25,dnscrypt-proxy,
2025-09-02T07:13:04.475750,telegram.com,67,2.15,24,25,dnscrypt-proxy,
2025-09-02T07:13:04.492515,telegram.com,68,2.16,24,25,dnscrypt-proxy,
2025-09-02T07:13:04.508483,telegram.com,69,2.17,24,25,dnscrypt-proxy,
2025-09-02T07:13:04.524745,telegram.com,70,2.14,24,25,dnscrypt-proxy,
2025-09-02T07:13:04.540635,telegram.com,71,2.23,24,25,dnscrypt-proxy,
2025-09-02T07:13:04.556619,telegram.com,72,2.19,24,25,dnscrypt-proxy,
2025-09-02T07:13:04.572656,telegram.com,73,2.51,24,25,dnscrypt-proxy,
2025-09-02T07:13:04.588647,telegram.com,74,2.13,24,25,dnscrypt-proxy,
2025-09-02T07:13:04.604496,telegram.com,75,2.18,24,25,dnscrypt-proxy,
2025-09-02T07:13:04.620769,telegram.com,76,2.17,24,25,dnscrypt-proxy,
2025-09-02T07:13:04.636729,telegram.com,77,2.19,24,25,dnscrypt-proxy,
2025-09-02T07:13:04.652529,telegram.com,78,2.37,24,25,dnscrypt-proxy,
2025-09-02T07:13:04.668506,telegram.com,79,2.36,24,25,dnscrypt-proxy,
2025-09-02T07:13:04.684426,telegram.com,80,2.18,24,25,dnscrypt-proxy,
2025-09-02T07:13:04.700606,telegram.com,81,2.22,24,25,dnscrypt-proxy,
2025-09-02T07:13:04.718677,telegram.com,82,2.17,24,25,dnscrypt-proxy,
2025-09-02T07:13:04.734560,telegram.com,83,2.39,24,25,dnscrypt-proxy,
2025-09-02T07:13:04.750646,telegram.com,84,2.15,24,25,dnscrypt-proxy,
2025-09-02T07:13:04.766936,telegram.com,85,2.31,24,25,dnscrypt-proxy,
2025-09-02T07:13:04.782716,telegram.com,86,2.18,24,25,dnscrypt-proxy,
2025-09-02T07:13:04.800444,telegram.com,87,2.42,24,25,dnscrypt-proxy,
2025-09-02T07:13:04.816297,telegram.com,88,2.4,24,25,dnscrypt-proxy,
2025-09-02T07:13:04.832429,telegram.com,89,2.39,24,25,dnscrypt-proxy,
2025-09-02T07:13:04.848528,telegram.com,90,2.17,24,25,dnscrypt-proxy,
2025-09-02T07:13:04.864718,telegram.com,91,2.22,24,25,dnscrypt-proxy,
2025-09-02T07:13:04.880494,telegram.com,92,2.34,24,25,dnscrypt-proxy,
2025-09-02T07:13:04.896657,telegram.com,93,2.18,24,25,dnscrypt-proxy,
2025-09-02T07:13:04.913231,telegram.com,94,2.52,24,25,dnscrypt-proxy,
2025-09-02T07:13:04.929397,telegram.com,95,2.34,24,25,dnscrypt-proxy,
2025-09-02T07:13:04.945610,telegram.com,96,2.12,24,25,dnscrypt-proxy,
2025-09-02T07:13:04.961593,telegram.com,97,2.08,24,25,dnscrypt-proxy,
2025-09-02T07:13:04.977672,telegram.com,98,2.1,24,25,dnscrypt-proxy,
2025-09-02T07:13:04.993447,telegram.com,99,2.1,24,25,dnscrypt-proxy,
2025-09-02T07:13:05.009401,telegram.com,100,2.08,24,25,dnscrypt-proxy,
2025-09-02T07:13:07.793637,iitdh.ac.in,1,2770.34,23,53,dnscrypt-proxy,
2025-09-02T07:13:07.816406,iitdh.ac.in,2,3.56,23,53,dnscrypt-proxy,
2025-09-02T07:13:07.835089,iitdh.ac.in,3,2.61,23,53,dnscrypt-proxy,
2025-09-02T07:13:07.851597,iitdh.ac.in,4,2.83,23,53,dnscrypt-proxy,
2025-09-02T07:13:07.869571,iitdh.ac.in,5,2.82,23,53,dnscrypt-proxy,
2025-09-02T07:13:07.886051,iitdh.ac.in,6,2.57,23,53,dnscrypt-proxy,
2025-09-02T07:13:07.901846,iitdh.ac.in,7,2.57,23,53,dnscrypt-proxy,
2025-09-02T07:13:07.917908,iitdh.ac.in,8,2.55,23,53,dnscrypt-proxy,
2025-09-02T07:13:07.933946,iitdh.ac.in,9,2.56,23,53,dnscrypt-proxy,
2025-09-02T07:13:07.950943,iitdh.ac.in,10,2.56,23,53,dnscrypt-proxy,
2025-09-02T07:13:07.968023,iitdh.ac.in,11,2.56,23,53,dnscrypt-proxy,
2025-09-02T07:13:07.984032,iitdh.ac.in,12,2.57,23,53,dnscrypt-proxy,
2025-09-02T07:13:08.001164,iitdh.ac.in,13,2.55,23,53,dnscrypt-proxy,
2025-09-02T07:13:08.017093,iitdh.ac.in,14,2.57,23,53,dnscrypt-proxy,
2025-09-02T07:13:08.033063,iitdh.ac.in,15,2.57,23,53,dnscrypt-proxy,
2025-09-02T07:13:08.050973,iitdh.ac.in,16,2.56,23,53,dnscrypt-proxy,
2025-09-02T07:13:08.066856,iitdh.ac.in,17,2.56,23,53,dnscrypt-proxy,
2025-09-02T07:13:08.082570,iitdh.ac.in,18,2.55,23,53,dnscrypt-proxy,
2025-09-02T07:13:08.099122,iitdh.ac.in,19,2.56,23,53,dnscrypt-proxy,
2025-09-02T07:13:08.115360,iitdh.ac.in,20,2.59,23,53,dnscrypt-proxy,
2025-09-02T07:13:08.133195,iitdh.ac.in,21,2.61,23,53,dnscrypt-proxy,
2025-09-02T07:13:08.150030,iitdh.ac.in,22,2.53,23,53,dnscrypt-proxy,
2025-09-02T07:13:08.167106,iitdh.ac.in,23,2.66,23,53,dnscrypt-proxy,
2025-09-02T07:13:08.183607,iitdh.ac.in,24,2.91,23,53,dnscrypt-proxy,
2025-09-02T07:13:08.199906,iitdh.ac.in,25,2.71,23,53,dnscrypt-proxy,
2025-09-02T07:13:08.217092,iitdh.ac.in,26,2.72,23,53,dnscrypt-proxy,
2025-09-02T07:13:08.233664,iitdh.ac.in,27,2.9,23,53,dnscrypt-proxy,
2025-09-02T07:13:08.250053,iitdh.ac.in,28,2.65,23,53,dnscrypt-proxy,
2025-09-02T07:13:08.267039,iitdh.ac.in,29,2.54,23,53,dnscrypt-proxy,
2025-09-02T07:13:08.283827,iitdh.ac.in,30,2.54,23,53,dnscrypt-proxy,
2025-09-02T07:13:08.300680,iitdh.ac.in,31,2.75,23,53,dnscrypt-proxy,
2025-09-02T07:13:08.316998,iitdh.ac.in,32,2.67,23,53,dnscrypt-proxy,
2025-09-02T07:13:08.333019,iitdh.ac.in,33,2.54,23,53,dnscrypt-proxy,
2025-09-02T07:13:08.348993,iitdh.ac.in,34,2.56,23,53,dnscrypt-proxy,
2025-09-02T07:13:08.365103,iitdh.ac.in,35,2.6,23,53,dnscrypt-proxy,
2025-09-02T07:13:08.381183,iitdh.ac.in,36,2.57,23,53,dnscrypt-proxy,
2025-09-02T07:13:08.397540,iitdh.ac.in,37,2.77,23,53,dnscrypt-proxy,
2025-09-02T07:13:08.417110,iitdh.ac.in,38,2.64,23,53,dnscrypt-proxy,
2025-09-02T07:13:08.434109,iitdh.ac.in,39,2.67,23,53,dnscrypt-proxy,
2025-09-02T07:13:08.451610,iitdh.ac.in,40,2.92,23,53,dnscrypt-proxy,
2025-09-02T07:13:08.468222,iitdh.ac.in,41,2.62,23,53,dnscrypt-proxy,
2025-09-02T07:13:08.485163,iitdh.ac.in,42,2.64,23,53,dnscrypt-proxy,
2025-09-02T07:13:08.504715,iitdh.ac.in,43,2.78,23,53,dnscrypt-proxy,
2025-09-02T07:13:08.522267,iitdh.ac.in,44,2.82,23,53,dnscrypt-proxy,
2025-09-02T07:13:08.541342,iitdh.ac.in,45,3.13,23,53,dnscrypt-proxy,
2025-09-02T07:13:08.560566,iitdh.ac.in,46,3.0,23,53,dnscrypt-proxy,
2025-09-02T07:13:08.580128,iitdh.ac.in,47,2.88,23,53,dnscrypt-proxy,
2025-09-02T07:13:08.598487,iitdh.ac.in,48,3.36,23,53,dnscrypt-proxy,
2025-09-02T07:13:08.616407,iitdh.ac.in,49,3.27,23,53,dnscrypt-proxy,
2025-09-02T07:13:08.634840,iitdh.ac.in,50,3.06,23,53,dnscrypt-proxy,
2025-09-02T07:13:08.652795,iitdh.ac.in,51,3.1,23,53,dnscrypt-proxy,
2025-09-02T07:13:08.671122,iitdh.ac.in,52,2.95,23,53,dnscrypt-proxy,
2025-09-02T07:13:08.689814,iitdh.ac.in,53,3.21,23,53,dnscrypt-proxy,
2025-09-02T07:13:08.707858,iitdh.ac.in,54,3.13,23,53,dnscrypt-proxy,
2025-09-02T07:13:08.726266,iitdh.ac.in,55,3.29,23,53,dnscrypt-proxy,
2025-09-02T07:13:08.743898,iitdh.ac.in,56,2.91,23,53,dnscrypt-proxy,
2025-09-02T07:13:08.761640,iitdh.ac.in,57,2.92,23,53,dnscrypt-proxy,
2025-09-02T07:13:08.778732,iitdh.ac.in,58,3.1,23,53,dnscrypt-proxy,
2025-09-02T07:13:08.796160,iitdh.ac.in,59,2.72,23,53,dnscrypt-proxy,
2025-09-02T07:13:08.813823,iitdh.ac.in,60,2.85,23,53,dnscrypt-proxy,
2025-09-02T07:13:08.830169,iitdh.ac.in,61,2.6,23,53,dnscrypt-proxy,
2025-09-02T07:13:08.847104,iitdh.ac.in,62,2.74,23,53,dnscrypt-proxy,
2025-09-02T07:13:08.863144,iitdh.ac.in,63,2.57,23,53,dnscrypt-proxy,
2025-09-02T07:13:08.880004,iitdh.ac.in,64,2.54,23,53,dnscrypt-proxy,
2025-09-02T07:13:08.896018,iitdh.ac.in,65,2.55,23,53,dnscrypt-proxy,
2025-09-02T07:13:08.912785,iitdh.ac.in,66,2.79,23,53,dnscrypt-proxy,
2025-09-02T07:13:08.931007,iitdh.ac.in,67,2.83,23,53,dnscrypt-proxy,
2025-09-02T07:13:08.948981,iitdh.ac.in,68,2.92,23,53,dnscrypt-proxy,
2025-09-02T07:13:08.965247,iitdh.ac.in,69,2.68,23,53,dnscrypt-proxy,
2025-09-02T07:13:08.982075,iitdh.ac.in,70,2.58,23,53,dnscrypt-proxy,
2025-09-02T07:13:08.999686,iitdh.ac.in,71,2.82,23,53,dnscrypt-proxy,
2025-09-02T07:13:09.016728,iitdh.ac.in,72,3.01,23,53,dnscrypt-proxy,
2025-09-02T07:13:09.034829,iitdh.ac.in,73,2.99,23,53,dnscrypt-proxy,
2025-09-02T07:13:09.053631,iitdh.ac.in,74,2.88,23,53,dnscrypt-proxy,
2025-09-02T07:13:09.071271,iitdh.ac.in,75,2.96,23,53,dnscrypt-proxy,
2025-09-02T07:13:09.088914,iitdh.ac.in,76,3.34,23,53,dnscrypt-proxy,
2025-09-02T07:13:09.105160,iitdh.ac.in,77,2.71,23,53,dnscrypt-proxy,
2025-09-02T07:13:09.121162,iitdh.ac.in,78,2.71,23,53,dnscrypt-proxy,
2025-09-02T07:13:09.138148,iitdh.ac.in,79,2.69,23,53,dnscrypt-proxy,
2025-09-02T07:13:09.155034,iitdh.ac.in,80,2.73,23,53,dnscrypt-proxy,
2025-09-02T07:13:09.171340,iitdh.ac.in,81,2.74,23,53,dnscrypt-proxy,
2025-09-02T07:13:09.187735,iitdh.ac.in,82,2.93,23,53,dnscrypt-proxy,
2025-09-02T07:13:09.204034,iitdh.ac.in,83,2.73,23,53,dnscrypt-proxy,
2025-09-02T07:13:09.220221,iitdh.ac.in,84,2.78,23,53,dnscrypt-proxy,
2025-09-02T07:13:09.238318,iitdh.ac.in,85,2.73,23,53,dnscrypt-proxy,
2025-09-02T07:13:09.255032,iitdh.ac.in,86,2.76,23,53,dnscrypt-proxy,
2025-09-02T07:13:09.272883,iitdh.ac.in,87,2.97,23,53,dnscrypt-proxy,
2025-09-02T07:13:09.289199,iitdh.ac.in,88,2.8,23,53,dnscrypt-proxy,
2025-09-02T07:13:09.305894,iitdh.ac.in,89,2.83,23,53,dnscrypt-proxy,
2025-09-02T07:13:09.322165,iitdh.ac.in,90,2.72,23,53,dnscrypt-proxy,
2025-09-02T07:13:09.338957,iitdh.ac.in,91,2.65,23,53,dnscrypt-proxy,
2025-09-02T07:13:09.355170,iitdh.ac.in,92,2.85,23,53,dnscrypt-proxy,
2025-09-02T07:13:09.371303,iitdh.ac.in,93,2.74,23,53,dnscrypt-proxy,
2025-09-02T07:13:09.388304,iitdh.ac.in,94,2.73,23,53,dnscrypt-proxy,
2025-09-02T07:13:09.404947,iitdh.ac.in,95,2.91,23,53,dnscrypt-proxy,
2025-09-02T07:13:09.422633,iitdh.ac.in,96,3.01,23,53,dnscrypt-proxy,
2025-09-02T07:13:09.439004,iitdh.ac.in,97,2.72,23,53,dnscrypt-proxy,
2025-09-02T07:13:09.455346,iitdh.ac.in,98,2.87,23,53,dnscrypt-proxy,
2025-09-02T07:13:09.472900,iitdh.ac.in,99,2.65,23,53,dnscrypt-proxy,
2025-09-02T07:13:09.490096,iitdh.ac.in,100,2.77,23,53,dnscrypt-proxy,
2025-09-02T07:13:09.841229,zomato.com,1,335.08,22,38,dnscrypt-proxy,
2025-09-02T07:13:09.861938,zomato.com,2,1.39,22,38,dnscrypt-proxy,
2025-09-02T07:13:09.878740,zomato.com,3,1.56,22,38,dnscrypt-proxy,
2025-09-02T07:13:09.893913,zomato.com,4,1.47,22,38,dnscrypt-proxy,
2025-09-02T07:13:09.909708,zomato.com,5,1.52,22,38,dnscrypt-proxy,
2025-09-02T07:13:09.925738,zomato.com,6,1.42,22,38,dnscrypt-proxy,
2025-09-02T07:13:09.940857,zomato.com,7,1.39,22,38,dnscrypt-proxy,
2025-09-02T07:13:09.956000,zomato.com,8,1.27,22,38,dnscrypt-proxy,
2025-09-02T07:13:09.974899,zomato.com,9,1.37,22,38,dnscrypt-proxy,
2025-09-02T07:13:09.989568,zomato.com,10,1.36,22,38,dnscrypt-proxy,
2025-09-02T07:13:10.004834,zomato.com,11,1.32,22,38,dnscrypt-proxy,
2025-09-02T07:13:10.019496,zomato.com,12,1.33,22,38,dnscrypt-proxy,
2025-09-02T07:13:10.033922,zomato.com,13,1.4,22,38,dnscrypt-proxy,
2025-09-02T07:13:10.048469,zomato.com,14,1.31,22,38,dnscrypt-proxy,
2025-09-02T07:13:10.063871,zomato.com,15,1.21,22,38,dnscrypt-proxy,
2025-09-02T07:13:10.078175,zomato.com,16,1.22,22,38,dnscrypt-proxy,
2025-09-02T07:13:10.092503,zomato.com,17,1.35,22,38,dnscrypt-proxy,
2025-09-02T07:13:10.107566,zomato.com,18,1.41,22,38,dnscrypt-proxy,
2025-09-02T07:13:10.122631,zomato.com,19,1.46,22,38,dnscrypt-proxy,
2025-09-02T07:13:10.137525,zomato.com,20,1.6,22,38,dnscrypt-proxy,
2025-09-02T07:13:10.152151,zomato.com,21,1.35,22,38,dnscrypt-proxy,
2025-09-02T07:13:10.166621,zomato.com,22,1.33,22,38,dnscrypt-proxy,
2025-09-02T07:13:10.181521,zomato.com,23,1.39,22,38,dnscrypt-proxy,
2025-09-02T07:13:10.196631,zomato.com,24,1.46,22,38,dnscrypt-proxy,
2025-09-02T07:13:10.211173,zomato.com,25,1.22,22,38,dnscrypt-proxy,
2025-09-02T07:13:10.225724,zomato.com,26,1.34,22,38,dnscrypt-proxy,
2025-09-02T07:13:10.240513,zomato.com,27,1.32,22,38,dnscrypt-proxy,
2025-09-02T07:13:10.254926,zomato.com,28,1.35,22,38,dnscrypt-proxy,
2025-09-02T07:13:10.269483,zomato.com,29,1.31,22,38,dnscrypt-proxy,
2025-09-02T07:13:10.284767,zomato.com,30,1.41,22,38,dnscrypt-proxy,
2025-09-02T07:13:10.299122,zomato.com,31,1.15,22,38,dnscrypt-proxy,
2025-09-02T07:13:10.314693,zomato.com,32,1.35,22,38,dnscrypt-proxy,
2025-09-02T07:13:10.328917,zomato.com,33,1.24,22,38,dnscrypt-proxy,
2025-09-02T07:13:10.343732,zomato.com,34,1.35,22,38,dnscrypt-proxy,
2025-09-02T07:13:10.358576,zomato.com,35,1.42,22,38,dnscrypt-proxy,
2025-09-02T07:13:10.373172,zomato.com,36,1.23,22,38,dnscrypt-proxy,
2025-09-02T07:13:10.387804,zomato.com,37,1.31,22,38,dnscrypt-proxy,
2025-09-02T07:13:10.402663,zomato.com,38,1.52,22,38,dnscrypt-proxy,
2025-09-02T07:13:10.417579,zomato.com,39,1.38,22,38,dnscrypt-proxy,
2025-09-02T07:13:10.432191,zomato.com,40,1.2,22,38,dnscrypt-proxy,
2025-09-02T07:13:10.447105,zomato.com,41,1.29,22,38,dnscrypt-proxy,
2025-09-02T07:13:10.462831,zomato.com,42,1.43,22,38,dnscrypt-proxy,
2025-09-02T07:13:10.479640,zomato.com,43,1.47,22,38,dnscrypt-proxy,
2025-09-02T07:13:10.494837,zomato.com,44,1.47,22,38,dnscrypt-proxy,
2025-09-02T07:13:10.509700,zomato.com,45,1.32,22,38,dnscrypt-proxy,
2025-09-02T07:13:10.524512,zomato.com,46,1.37,22,38,dnscrypt-proxy,
2025-09-02T07:13:10.538736,zomato.com,47,1.37,22,38,dnscrypt-proxy,
2025-09-02T07:13:10.553553,zomato.com,48,1.39,22,38,dnscrypt-proxy,
2025-09-02T07:13:10.567951,zomato.com,49,1.24,22,38,dnscrypt-proxy,
2025-09-02T07:13:10.583714,zomato.com,50,1.57,22,38,dnscrypt-proxy,
2025-09-02T07:13:10.598467,zomato.com,51,1.36,22,38,dnscrypt-proxy,
2025-09-02T07:13:10.613705,zomato.com,52,1.31,22,38,dnscrypt-proxy,
2025-09-02T07:13:10.628658,zomato.com,53,1.35,22,38,dnscrypt-proxy,
2025-09-02T07:13:10.642691,zomato.com,54,1.31,22,38,dnscrypt-proxy,
2025-09-02T07:13:10.657077,zomato.com,55,1.14,22,38,dnscrypt-proxy,
2025-09-02T07:13:10.671549,zomato.com,56,1.31,22,38,dnscrypt-proxy,
2025-09-02T07:13:10.685516,zomato.com,57,1.2,22,38,dnscrypt-proxy,
2025-09-02T07:13:10.700684,zomato.com,58,1.31,22,38,dnscrypt-proxy,
2025-09-02T07:13:10.715100,zomato.com,59,1.65,22,38,dnscrypt-proxy,
2025-09-02T07:13:10.729022,zomato.com,60,1.14,22,38,dnscrypt-proxy,
2025-09-02T07:13:10.743631,zomato.com,61,1.31,22,38,dnscrypt-proxy,
2025-09-02T07:13:10.758156,zomato.com,62,1.21,22,38,dnscrypt-proxy,
2025-09-02T07:13:10.773571,zomato.com,63,1.35,22,38,dnscrypt-proxy,
2025-09-02T07:13:10.788565,zomato.com,64,1.38,22,38,dnscrypt-proxy,
2025-09-02T07:13:10.802487,zomato.com,65,1.37,22,38,dnscrypt-proxy,
2025-09-02T07:13:10.818175,zomato.com,66,2.35,22,38,dnscrypt-proxy,
2025-09-02T07:13:10.833957,zomato.com,67,2.4,22,38,dnscrypt-proxy,
2025-09-02T07:13:10.849934,zomato.com,68,2.38,22,38,dnscrypt-proxy,
2025-09-02T07:13:10.866403,zomato.com,69,2.66,22,38,dnscrypt-proxy,
2025-09-02T07:13:10.883036,zomato.com,70,2.5,22,38,dnscrypt-proxy,
2025-09-02T07:13:10.900670,zomato.com,71,3.01,22,38,dnscrypt-proxy,
2025-09-02T07:13:10.918090,zomato.com,72,2.55,22,38,dnscrypt-proxy,
2025-09-02T07:13:10.934906,zomato.com,73,2.3,22,38,dnscrypt-proxy,
2025-09-02T07:13:10.952534,zomato.com,74,2.78,22,38,dnscrypt-proxy,
2025-09-02T07:13:10.968972,zomato.com,75,2.39,22,38,dnscrypt-proxy,
2025-09-02T07:13:10.987072,zomato.com,76,2.46,22,38,dnscrypt-proxy,
2025-09-02T07:13:11.003076,zomato.com,77,2.44,22,38,dnscrypt-proxy,
2025-09-02T07:13:11.019708,zomato.com,78,2.36,22,38,dnscrypt-proxy,
2025-09-02T07:13:11.036857,zomato.com,79,2.47,22,38,dnscrypt-proxy,
2025-09-02T07:13:11.053879,zomato.com,80,2.37,22,38,dnscrypt-proxy,
2025-09-02T07:13:11.070359,zomato.com,81,2.71,22,38,dnscrypt-proxy,
2025-09-02T07:13:11.087034,zomato.com,82,2.51,22,38,dnscrypt-proxy,
2025-09-02T07:13:11.104144,zomato.com,83,2.54,22,38,dnscrypt-proxy,
2025-09-02T07:13:11.122395,zomato.com,84,2.8,22,38,dnscrypt-proxy,
2025-09-02T07:13:11.139862,zomato.com,85,2.36,22,38,dnscrypt-proxy,
2025-09-02T07:13:11.156438,zomato.com,86,2.74,22,38,dnscrypt-proxy,
2025-09-02T07:13:11.173685,zomato.com,87,2.54,22,38,dnscrypt-proxy,
2025-09-02T07:13:11.190108,zomato.com,88,2.58,22,38,dnscrypt-proxy,
2025-09-02T07:13:11.206739,zomato.com,89,2.33,22,38,dnscrypt-proxy,
2025-09-02T07:13:11.223902,zomato.com,90,2.45,22,38,dnscrypt-proxy,
2025-09-02T07:13:11.241815,zomato.com,91,2.36,22,38,dnscrypt-proxy,
2025-09-02T07:13:11.258854,zomato.com,92,2.35,22,38,dnscrypt-proxy,
2025-09-02T07:13:11.275571,zomato.com,93,2.57,22,38,dnscrypt-proxy,
2025-09-02T07:13:11.292704,zomato.com,94,2.35,22,38,dnscrypt-proxy,
2025-09-02T07:13:11.310643,zomato.com,95,2.34,22,38,dnscrypt-proxy,
2025-09-02T07:13:11.327882,zomato.com,96,2.59,22,38,dnscrypt-proxy,
2025-09-02T07:13:11.344920,zomato.com,97,2.39,22,38,dnscrypt-proxy,
2025-09-02T07:13:11.361866,zomato.com,98,2.26,22,38,dnscrypt-proxy,
2025-09-02T07:13:11.378894,zomato.com,99,2.36,22,38,dnscrypt-proxy,
2025-09-02T07:13:11.395573,zomato.com,100,2.58,22,38,dnscrypt-proxy,
2025-09-02T07:13:11.434058,chatgpt.com,1,24.43,23,38,dnscrypt-proxy,
2025-09-02T07:13:11.452464,chatgpt.com,2,2.67,23,38,dnscrypt-proxy,
2025-09-02T07:13:11.469706,chatgpt.com,3,2.61,23,38,dnscrypt-proxy,
2025-09-02T07:13:11.486879,chatgpt.com,4,2.41,23,38,dnscrypt-proxy,
2025-09-02T07:13:11.503790,chatgpt.com,5,2.43,23,38,dnscrypt-proxy,
2025-09-02T07:13:11.520831,chatgpt.com,6,2.65,23,38,dnscrypt-proxy,
2025-09-02T07:13:11.537118,chatgpt.com,7,2.44,23,38,dnscrypt-proxy,
2025-09-02T07:13:11.553631,chatgpt.com,8,2.5,23,38,dnscrypt-proxy,
2025-09-02T07:13:11.570301,chatgpt.com,9,2.71,23,38,dnscrypt-proxy,
2025-09-02T07:13:11.586423,chatgpt.com,10,2.52,23,38,dnscrypt-proxy,
2025-09-02T07:13:11.602632,chatgpt.com,11,2.56,23,38,dnscrypt-proxy,
2025-09-02T07:13:11.619106,chatgpt.com,12,2.42,23,38,dnscrypt-proxy,
2025-09-02T07:13:11.635887,chatgpt.com,13,2.33,23,38,dnscrypt-proxy,
2025-09-02T07:13:11.651996,chatgpt.com,14,2.45,23,38,dnscrypt-proxy,
2025-09-02T07:13:11.668337,chatgpt.com,15,2.79,23,38,dnscrypt-proxy,
2025-09-02T07:13:11.684764,chatgpt.com,16,2.37,23,38,dnscrypt-proxy,
2025-09-02T07:13:11.701497,chatgpt.com,17,2.61,23,38,dnscrypt-proxy,
2025-09-02T07:13:11.717941,chatgpt.com,18,2.35,23,38,dnscrypt-proxy,
2025-09-02T07:13:11.733906,chatgpt.com,19,2.33,23,38,dnscrypt-proxy,
2025-09-02T07:13:11.751119,chatgpt.com,20,2.44,23,38,dnscrypt-proxy,
2025-09-02T07:13:11.767815,chatgpt.com,21,2.37,23,38,dnscrypt-proxy,
2025-09-02T07:13:11.785904,chatgpt.com,22,2.38,23,38,dnscrypt-proxy,
2025-09-02T07:13:11.802741,chatgpt.com,23,2.34,23,38,dnscrypt-proxy,
2025-09-02T07:13:11.819484,chatgpt.com,24,2.9,23,38,dnscrypt-proxy,
2025-09-02T07:13:11.836727,chatgpt.com,25,2.31,23,38,dnscrypt-proxy,
2025-09-02T07:13:11.854526,chatgpt.com,26,2.11,23,38,dnscrypt-proxy,
2025-09-02T07:13:11.870915,chatgpt.com,27,2.37,23,38,dnscrypt-proxy,
2025-09-02T07:13:11.887744,chatgpt.com,28,2.48,23,38,dnscrypt-proxy,
2025-09-02T07:13:11.904899,chatgpt.com,29,2.49,23,38,dnscrypt-proxy,
2025-09-02T07:13:11.923612,chatgpt.com,30,2.37,23,38,dnscrypt-proxy,
2025-09-02T07:13:11.939897,chatgpt.com,31,2.36,23,38,dnscrypt-proxy,
2025-09-02T07:13:11.956439,chatgpt.com,32,2.61,23,38,dnscrypt-proxy,
2025-09-02T07:13:11.972951,chatgpt.com,33,2.32,23,38,dnscrypt-proxy,
2025-09-02T07:13:11.989613,chatgpt.com,34,2.33,23,38,dnscrypt-proxy,
2025-09-02T07:13:12.005982,chatgpt.com,35,2.36,23,38,dnscrypt-proxy,
2025-09-02T07:13:12.022649,chatgpt.com,36,2.56,23,38,dnscrypt-proxy,
2025-09-02T07:13:12.041436,chatgpt.com,37,2.72,23,38,dnscrypt-proxy,
2025-09-02T07:13:12.060421,chatgpt.com,38,2.72,23,38,dnscrypt-proxy,
2025-09-02T07:13:12.077744,chatgpt.com,39,2.14,23,38,dnscrypt-proxy,
2025-09-02T07:13:12.093974,chatgpt.com,40,2.5,23,38,dnscrypt-proxy,
2025-09-02T07:13:12.110630,chatgpt.com,41,2.64,23,38,dnscrypt-proxy,
2025-09-02T07:13:12.127414,chatgpt.com,42,2.68,23,38,dnscrypt-proxy,
2025-09-02T07:13:12.144380,chatgpt.com,43,2.7,23,38,dnscrypt-proxy,
2025-09-02T07:13:12.163538,chatgpt.com,44,2.61,23,38,dnscrypt-proxy,
2025-09-02T07:13:12.180795,chatgpt.com,45,2.47,23,38,dnscrypt-proxy,
2025-09-02T07:13:12.198324,chatgpt.com,46,2.63,23,38,dnscrypt-proxy,
2025-09-02T07:13:12.214960,chatgpt.com,47,2.39,23,38,dnscrypt-proxy,
2025-09-02T07:13:12.231625,chatgpt.com,48,2.59,23,38,dnscrypt-proxy,
2025-09-02T07:13:12.249984,chatgpt.com,49,2.44,23,38,dnscrypt-proxy,
2025-09-02T07:13:12.266873,chatgpt.com,50,2.69,23,38,dnscrypt-proxy,
2025-09-02T07:13:12.283661,chatgpt.com,51,2.75,23,38,dnscrypt-proxy,
2025-09-02T07:13:12.300127,chatgpt.com,52,2.47,23,38,dnscrypt-proxy,
2025-09-02T07:13:12.316715,chatgpt.com,53,2.49,23,38,dnscrypt-proxy,
2025-09-02T07:13:12.333737,chatgpt.com,54,2.34,23,38,dnscrypt-proxy,
2025-09-02T07:13:12.352429,chatgpt.com,55,2.68,23,38,dnscrypt-proxy,
2025-09-02T07:13:12.368750,chatgpt.com,56,2.4,23,38,dnscrypt-proxy,
2025-09-02T07:13:12.385057,chatgpt.com,57,2.42,23,38,dnscrypt-proxy,
2025-09-02T07:13:12.401749,chatgpt.com,58,2.37,23,38,dnscrypt-proxy,
2025-09-02T07:13:12.417773,chatgpt.com,59,2.34,23,38,dnscrypt-proxy,
2025-09-02T07:13:12.434214,chatgpt.com,60,2.61,23,38,dnscrypt-proxy,
2025-09-02T07:13:12.450733,chatgpt.com,61,2.35,23,38,dnscrypt-proxy,
2025-09-02T07:13:12.467362,chatgpt.com,62,2.8,23,38,dnscrypt-proxy,
2025-09-02T07:13:12.484118,chatgpt.com,63,2.47,23,38,dnscrypt-proxy,
2025-09-02T07:13:12.501970,chatgpt.com,64,2.38,23,38,dnscrypt-proxy,
2025-09-02T07:13:12.518218,chatgpt.com,65,2.5,23,38,dnscrypt-proxy,
2025-09-02T07:13:12.534973,chatgpt.com,66,2.34,23,38,dnscrypt-proxy,
2025-09-02T07:13:12.550921,chatgpt.com,67,2.32,23,38,dnscrypt-proxy,
2025-09-02T07:13:12.566786,chatgpt.com,68,2.3,23,38,dnscrypt-proxy,
2025-09-02T07:13:12.582650,chatgpt.com,69,2.31,23,38,dnscrypt-proxy,
2025-09-02T07:13:12.598626,chatgpt.com,70,2.5,23,38,dnscrypt-proxy,
2025-09-02T07:13:12.614949,chatgpt.com,71,2.3,23,38,dnscrypt-proxy,
2025-09-02T07:13:12.633294,chatgpt.com,72,2.55,23,38,dnscrypt-proxy,
2025-09-02T07:13:12.651121,chatgpt.com,73,2.46,23,38,dnscrypt-proxy,
2025-09-02T07:13:12.667964,chatgpt.com,74,2.33,23,38,dnscrypt-proxy,
2025-09-02T07:13:12.683845,chatgpt.com,75,2.32,23,38,dnscrypt-proxy,
2025-09-02T07:13:12.700352,chatgpt.com,76,2.59,23,38,dnscrypt-proxy,
2025-09-02T07:13:12.716601,chatgpt.com,77,2.59,23,38,dnscrypt-proxy,
2025-09-02T07:13:12.732822,chatgpt.com,78,2.27,23,38,dnscrypt-proxy,
2025-09-02T07:13:12.748840,chatgpt.com,79,2.3,23,38,dnscrypt-proxy,
2025-09-02T07:13:12.766278,chatgpt.com,80,2.64,23,38,dnscrypt-proxy,
2025-09-02T07:13:12.783666,chatgpt.com,81,2.62,23,38,dnscrypt-proxy,
2025-09-02T07:13:12.800077,chatgpt.com,82,2.32,23,38,dnscrypt-proxy,
2025-09-02T07:13:12.818502,chatgpt.com,83,2.7,23,38,dnscrypt-proxy,
2025-09-02T07:13:12.836091,chatgpt.com,84,2.47,23,38,dnscrypt-proxy,
2025-09-02T07:13:12.852083,chatgpt.com,85,2.44,23,38,dnscrypt-proxy,
2025-09-02T07:13:12.868953,chatgpt.com,86,2.46,23,38,dnscrypt-proxy,
2025-09-02T07:13:12.886200,chatgpt.com,87,2.48,23,38,dnscrypt-proxy,
2025-09-02T07:13:12.903232,chatgpt.com,88,2.53,23,38,dnscrypt-proxy,
2025-09-02T07:13:12.919910,chatgpt.com,89,2.41,23,38,dnscrypt-proxy,
2025-09-02T07:13:12.935945,chatgpt.com,90,2.4,23,38,dnscrypt-proxy,
2025-09-02T07:13:12.951565,chatgpt.com,91,1.38,23,38,dnscrypt-proxy,
2025-09-02T07:13:12.966692,chatgpt.com,92,1.36,23,38,dnscrypt-proxy,
2025-09-02T07:13:12.982587,chatgpt.com,93,1.42,23,38,dnscrypt-proxy,
2025-09-02T07:13:12.999661,chatgpt.com,94,1.42,23,38,dnscrypt-proxy,
2025-09-02T07:13:13.014653,chatgpt.com,95,1.37,23,38,dnscrypt-proxy,
2025-09-02T07:13:13.030794,chatgpt.com,96,1.37,23,38,dnscrypt-proxy,
2025-09-02T07:13:13.045818,chatgpt.com,97,1.33,23,38,dnscrypt-proxy,
2025-09-02T07:13:13.062041,chatgpt.com,98,1.58,23,38,dnscrypt-proxy,
2025-09-02T07:13:13.076682,chatgpt.com,99,1.35,23,38,dnscrypt-proxy,
2025-09-02T07:13:13.091047,chatgpt.com,100,1.18,23,38,dnscrypt-proxy,
2025-09-02T07:13:13.130092,yahoo.com,1,23.69,21,82,dnscrypt-proxy,
2025-09-02T07:13:13.148234,yahoo.com,2,3.48,21,82,dnscrypt-proxy,
2025-09-02T07:13:13.166525,yahoo.com,3,3.26,21,82,dnscrypt-proxy,
2025-09-02T07:13:13.186182,yahoo.com,4,3.56,21,82,dnscrypt-proxy,
2025-09-02T07:13:13.203929,yahoo.com,5,3.28,21,82,dnscrypt-proxy,
2025-09-02T07:13:13.221717,yahoo.com,6,3.2,21,82,dnscrypt-proxy,
2025-09-02T07:13:13.241656,yahoo.com,7,3.23,21,82,dnscrypt-proxy,
2025-09-02T07:13:13.260906,yahoo.com,8,3.22,21,82,dnscrypt-proxy,
2025-09-02T07:13:13.277615,yahoo.com,9,3.06,21,82,dnscrypt-proxy,
2025-09-02T07:13:13.296746,yahoo.com,10,3.06,21,82,dnscrypt-proxy,
2025-09-02T07:13:13.313474,yahoo.com,11,3.08,21,82,dnscrypt-proxy,
2025-09-02T07:13:13.331675,yahoo.com,12,3.37,21,82,dnscrypt-proxy,
2025-09-02T07:13:13.348682,yahoo.com,13,3.12,21,82,dnscrypt-proxy,
2025-09-02T07:13:13.369360,yahoo.com,14,3.36,21,82,dnscrypt-proxy,
2025-09-02T07:13:13.386684,yahoo.com,15,3.07,21,82,dnscrypt-proxy,
2025-09-02T07:13:13.404408,yahoo.com,16,3.11,21,82,dnscrypt-proxy,
2025-09-02T07:13:13.422432,yahoo.com,17,3.33,21,82,dnscrypt-proxy,
2025-09-02T07:13:13.440157,yahoo.com,18,3.44,21,82,dnscrypt-proxy,
2025-09-02T07:13:13.457604,yahoo.com,19,3.14,21,82,dnscrypt-proxy,
2025-09-02T07:13:13.474731,yahoo.com,20,3.09,21,82,dnscrypt-proxy,
2025-09-02T07:13:13.492204,yahoo.com,21,3.28,21,82,dnscrypt-proxy,
2025-09-02T07:13:13.509249,yahoo.com,22,3.3,21,82,dnscrypt-proxy,
2025-09-02T07:13:13.527526,yahoo.com,23,3.14,21,82,dnscrypt-proxy,
2025-09-02T07:13:13.546176,yahoo.com,24,3.43,21,82,dnscrypt-proxy,
2025-09-02T07:13:13.563648,yahoo.com,25,3.12,21,82,dnscrypt-proxy,
2025-09-02T07:13:13.581574,yahoo.com,26,3.11,21,82,dnscrypt-proxy,
2025-09-02T07:13:13.598444,yahoo.com,27,3.12,21,82,dnscrypt-proxy,
2025-09-02T07:13:13.615534,yahoo.com,28,3.13,21,82,dnscrypt-proxy,
2025-09-02T07:13:13.632705,yahoo.com,29,3.11,21,82,dnscrypt-proxy,
2025-09-02T07:13:13.650193,yahoo.com,30,3.51,21,82,dnscrypt-proxy,
2025-09-02T07:13:13.667797,yahoo.com,31,3.1,21,82,dnscrypt-proxy,
2025-09-02T07:13:13.685126,yahoo.com,32,3.45,21,82,dnscrypt-proxy,
2025-09-02T07:13:13.701693,yahoo.com,33,3.09,21,82,dnscrypt-proxy,
2025-09-02T07:13:13.719493,yahoo.com,34,3.12,21,82,dnscrypt-proxy,
2025-09-02T07:13:13.737142,yahoo.com,35,3.35,21,82,dnscrypt-proxy,
2025-09-02T07:13:13.757715,yahoo.com,36,3.33,21,82,dnscrypt-proxy,
2025-09-02T07:13:13.775411,yahoo.com,37,3.37,21,82,dnscrypt-proxy,
2025-09-02T07:13:13.793769,yahoo.com,38,3.22,21,82,dnscrypt-proxy,
2025-09-02T07:13:13.810770,yahoo.com,39,3.12,21,82,dnscrypt-proxy,
2025-09-02T07:13:13.827695,yahoo.com,40,3.1,21,82,dnscrypt-proxy,
2025-09-02T07:13:13.844887,yahoo.com,41,3.19,21,82,dnscrypt-proxy,
2025-09-02T07:13:13.861646,yahoo.com,42,3.09,21,82,dnscrypt-proxy,
2025-09-02T07:13:13.880476,yahoo.com,43,3.1,21,82,dnscrypt-proxy,
2025-09-02T07:13:13.897457,yahoo.com,44,3.13,21,82,dnscrypt-proxy,
2025-09-02T07:13:13.916891,yahoo.com,45,3.39,21,82,dnscrypt-proxy,
2025-09-02T07:13:13.936309,yahoo.com,46,2.73,21,82,dnscrypt-proxy,
2025-09-02T07:13:13.953951,yahoo.com,47,1.47,21,82,dnscrypt-proxy,
2025-09-02T07:13:13.972445,yahoo.com,48,1.79,21,82,dnscrypt-proxy,
2025-09-02T07:13:13.990178,yahoo.com,49,3.48,21,82,dnscrypt-proxy,
2025-09-02T07:13:14.008590,yahoo.com,50,3.03,21,82,dnscrypt-proxy,
2025-09-02T07:13:14.027295,yahoo.com,51,3.5,21,82,dnscrypt-proxy,
2025-09-02T07:13:14.044655,yahoo.com,52,3.14,21,82,dnscrypt-proxy,
2025-09-02T07:13:14.061855,yahoo.com,53,3.19,21,82,dnscrypt-proxy,
2025-09-02T07:13:14.079665,yahoo.com,54,3.09,21,82,dnscrypt-proxy,
2025-09-02T07:13:14.096803,yahoo.com,55,3.14,21,82,dnscrypt-proxy,
2025-09-02T07:13:14.114095,yahoo.com,56,3.4,21,82,dnscrypt-proxy,
2025-09-02T07:13:14.132283,yahoo.com,57,3.53,21,82,dnscrypt-proxy,
2025-09-02T07:13:14.149573,yahoo.com,58,3.06,21,82,dnscrypt-proxy,
2025-09-02T07:13:14.168626,yahoo.com,59,3.12,21,82,dnscrypt-proxy,
2025-09-02T07:13:14.185944,yahoo.com,60,3.34,21,82,dnscrypt-proxy,
2025-09-02T07:13:14.204631,yahoo.com,61,2.98,21,82,dnscrypt-proxy,
2025-09-02T07:13:14.224411,yahoo.com,62,3.4,21,82,dnscrypt-proxy,
2025-09-02T07:13:14.241590,yahoo.com,63,3.07,21,82,dnscrypt-proxy,
2025-09-02T07:13:14.258345,yahoo.com,64,2.97,21,82,dnscrypt-proxy,
2025-09-02T07:13:14.275351,yahoo.com,65,3.16,21,82,dnscrypt-proxy,
2025-09-02T07:13:14.293273,yahoo.com,66,3.26,21,82,dnscrypt-proxy,
2025-09-02T07:13:14.311646,yahoo.com,67,3.07,21,82,dnscrypt-proxy,
2025-09-02T07:13:14.329672,yahoo.com,68,3.04,21,82,dnscrypt-proxy,
2025-09-02T07:13:14.346426,yahoo.com,69,3.04,21,82,dnscrypt-proxy,
2025-09-02T07:13:14.363458,yahoo.com,70,3.08,21,82,dnscrypt-proxy,
2025-09-02T07:13:14.381207,yahoo.com,71,3.63,21,82,dnscrypt-proxy,
2025-09-02T07:13:14.398341,yahoo.com,72,3.06,21,82,dnscrypt-proxy,
2025-09-02T07:13:14.415188,yahoo.com,73,3.29,21,82,dnscrypt-proxy,
2025-09-02T07:13:14.433386,yahoo.com,74,3.14,21,82,dnscrypt-proxy,
2025-09-02T07:13:14.449712,yahoo.com,75,3.06,21,82,dnscrypt-proxy,
2025-09-02T07:13:14.467272,yahoo.com,76,3.29,21,82,dnscrypt-proxy,
2025-09-02T07:13:14.483542,yahoo.com,77,3.07,21,82,dnscrypt-proxy,
2025-09-02T07:13:14.500182,yahoo.com,78,3.3,21,82,dnscrypt-proxy,
2025-09-02T07:13:14.516641,yahoo.com,79,3.1,21,82,dnscrypt-proxy,
2025-09-02T07:13:14.534471,yahoo.com,80,3.08,21,82,dnscrypt-proxy,
2025-09-02T07:13:14.553627,yahoo.com,81,3.04,21,82,dnscrypt-proxy,
2025-09-02T07:13:14.570496,yahoo.com,82,3.07,21,82,dnscrypt-proxy,
2025-09-02T07:13:14.587560,yahoo.com,83,3.1,21,82,dnscrypt-proxy,
2025-09-02T07:13:14.604504,yahoo.com,84,3.1,21,82,dnscrypt-proxy,
2025-09-02T07:13:14.622661,yahoo.com,85,3.17,21,82,dnscrypt-proxy,
2025-09-02T07:13:14.639695,yahoo.com,86,3.1,21,82,dnscrypt-proxy,
2025-09-02T07:13:14.656522,yahoo.com,87,3.11,21,82,dnscrypt-proxy,
2025-09-02T07:13:14.673439,yahoo.com,88,3.09,21,82,dnscrypt-proxy,
2025-09-02T07:13:14.691578,yahoo.com,89,3.07,21,82,dnscrypt-proxy,
2025-09-02T07:13:14.708526,yahoo.com,90,3.08,21,82,dnscrypt-proxy,
2025-09-02T07:13:14.725650,yahoo.com,91,3.1,21,82,dnscrypt-proxy,
2025-09-02T07:13:14.745435,yahoo.com,92,3.16,21,82,dnscrypt-proxy,
2025-09-02T07:13:14.762662,yahoo.com,93,3.15,21,82,dnscrypt-proxy,
2025-09-02T07:13:14.780774,yahoo.com,94,3.15,21,82,dnscrypt-proxy,
2025-09-02T07:13:14.797730,yahoo.com,95,3.08,21,82,dnscrypt-proxy,
2025-09-02T07:13:14.815378,yahoo.com,96,3.37,21,82,dnscrypt-proxy,
2025-09-02T07:13:14.835397,yahoo.com,97,3.32,21,82,dnscrypt-proxy,
2025-09-02T07:13:14.854083,yahoo.com,98,3.39,21,82,dnscrypt-proxy,
2025-09-02T07:13:14.874786,yahoo.com,99,3.31,21,82,dnscrypt-proxy,
2025-09-02T07:13:14.892287,yahoo.com,100,3.38,21,82,dnscrypt-proxy,
2025-09-02T07:13:14.930605,gmail.com,1,23.6,21,26,dnscrypt-proxy,
2025-09-02T07:13:14.949918,gmail.com,2,2.28,21,26,dnscrypt-proxy,
2025-09-02T07:13:14.966582,gmail.com,3,2.1,21,26,dnscrypt-proxy,
2025-09-02T07:13:14.982491,gmail.com,4,2.08,21,26,dnscrypt-proxy,
2025-09-02T07:13:14.999479,gmail.com,5,2.06,21,26,dnscrypt-proxy,
2025-09-02T07:13:15.016584,gmail.com,6,2.06,21,26,dnscrypt-proxy,
2025-09-02T07:13:15.032732,gmail.com,7,2.1,21,26,dnscrypt-proxy,
2025-09-02T07:13:15.049405,gmail.com,8,2.26,21,26,dnscrypt-proxy,
2025-09-02T07:13:15.065783,gmail.com,9,2.12,21,26,dnscrypt-proxy,
2025-09-02T07:13:15.083193,gmail.com,10,2.51,21,26,dnscrypt-proxy,
2025-09-02T07:13:15.100138,gmail.com,11,2.41,21,26,dnscrypt-proxy,
2025-09-02T07:13:15.117113,gmail.com,12,2.38,21,26,dnscrypt-proxy,
2025-09-02T07:13:15.133367,gmail.com,13,2.33,21,26,dnscrypt-proxy,
2025-09-02T07:13:15.149643,gmail.com,14,2.11,21,26,dnscrypt-proxy,
2025-09-02T07:13:15.165637,gmail.com,15,2.1,21,26,dnscrypt-proxy,
2025-09-02T07:13:15.182186,gmail.com,16,2.29,21,26,dnscrypt-proxy,
2025-09-02T07:13:15.197750,gmail.com,17,2.07,21,26,dnscrypt-proxy,
2025-09-02T07:13:15.215525,gmail.com,18,2.06,21,26,dnscrypt-proxy,
2025-09-02T07:13:15.232519,gmail.com,19,2.07,21,26,dnscrypt-proxy,
2025-09-02T07:13:15.248519,gmail.com,20,2.08,21,26,dnscrypt-proxy,
2025-09-02T07:13:15.264736,gmail.com,21,2.07,21,26,dnscrypt-proxy,
2025-09-02T07:13:15.281097,gmail.com,22,2.38,21,26,dnscrypt-proxy,
2025-09-02T07:13:15.298139,gmail.com,23,2.43,21,26,dnscrypt-proxy,
2025-09-02T07:13:15.315573,gmail.com,24,2.4,21,26,dnscrypt-proxy,
2025-09-02T07:13:15.333495,gmail.com,25,2.11,21,26,dnscrypt-proxy,
2025-09-02T07:13:15.349685,gmail.com,26,2.1,21,26,dnscrypt-proxy,
2025-09-02T07:13:15.368151,gmail.com,27,2.44,21,26,dnscrypt-proxy,
2025-09-02T07:13:15.386158,gmail.com,28,2.46,21,26,dnscrypt-proxy,
2025-09-02T07:13:15.403247,gmail.com,29,2.44,21,26,dnscrypt-proxy,
2025-09-02T07:13:15.421177,gmail.com,30,2.51,21,26,dnscrypt-proxy,
2025-09-02T07:13:15.438747,gmail.com,31,2.26,21,26,dnscrypt-proxy,
2025-09-02T07:13:15.456628,gmail.com,32,2.2,21,26,dnscrypt-proxy,
2025-09-02T07:13:15.476085,gmail.com,33,2.37,21,26,dnscrypt-proxy,
2025-09-02T07:13:15.493198,gmail.com,34,2.53,21,26,dnscrypt-proxy,
2025-09-02T07:13:15.510612,gmail.com,35,2.07,21,26,dnscrypt-proxy,
2025-09-02T07:13:15.527749,gmail.com,36,2.1,21,26,dnscrypt-proxy,
2025-09-02T07:13:15.545099,gmail.com,37,2.39,21,26,dnscrypt-proxy,
2025-09-02T07:13:15.564345,gmail.com,38,2.36,21,26,dnscrypt-proxy,
2025-09-02T07:13:15.581389,gmail.com,39,2.46,21,26,dnscrypt-proxy,
2025-09-02T07:13:15.597456,gmail.com,40,2.08,21,26,dnscrypt-proxy,
2025-09-02T07:13:15.613780,gmail.com,41,2.1,21,26,dnscrypt-proxy,
2025-09-02T07:13:15.629435,gmail.com,42,2.07,21,26,dnscrypt-proxy,
2025-09-02T07:13:15.645650,gmail.com,43,2.09,21,26,dnscrypt-proxy,
2025-09-02T07:13:15.661717,gmail.com,44,2.08,21,26,dnscrypt-proxy,
2025-09-02T07:13:15.677924,gmail.com,45,2.21,21,26,dnscrypt-proxy,
2025-09-02T07:13:15.694432,gmail.com,46,2.76,21,26,dnscrypt-proxy,
2025-09-02T07:13:15.711658,gmail.com,47,2.05,21,26,dnscrypt-proxy,
2025-09-02T07:13:15.727592,gmail.com,48,2.08,21,26,dnscrypt-proxy,
2025-09-02T07:13:15.745358,gmail.com,49,2.31,21,26,dnscrypt-proxy,
2025-09-02T07:13:15.761290,gmail.com,50,2.27,21,26,dnscrypt-proxy,
2025-09-02T07:13:15.777281,gmail.com,51,2.31,21,26,dnscrypt-proxy,
2025-09-02T07:13:15.793656,gmail.com,52,2.11,21,26,dnscrypt-proxy,
2025-09-02T07:13:15.810505,gmail.com,53,2.07,21,26,dnscrypt-proxy,
2025-09-02T07:13:15.826495,gmail.com,54,2.05,21,26,dnscrypt-proxy,
2025-09-02T07:13:15.842507,gmail.com,55,2.12,21,26,dnscrypt-proxy,
2025-09-02T07:13:15.858511,gmail.com,56,2.06,21,26,dnscrypt-proxy,
2025-09-02T07:13:15.874295,gmail.com,57,2.28,21,26,dnscrypt-proxy,
2025-09-02T07:13:15.890179,gmail.com,58,2.29,21,26,dnscrypt-proxy,
2025-09-02T07:13:15.906385,gmail.com,59,2.31,21,26,dnscrypt-proxy,
2025-09-02T07:13:15.926430,gmail.com,60,2.38,21,26,dnscrypt-proxy,
2025-09-02T07:13:15.942387,gmail.com,61,2.09,21,26,dnscrypt-proxy,
2025-09-02T07:13:15.958535,gmail.com,62,2.05,21,26,dnscrypt-proxy,
2025-09-02T07:13:15.974587,gmail.com,63,2.06,21,26,dnscrypt-proxy,
2025-09-02T07:13:15.990583,gmail.com,64,2.06,21,26,dnscrypt-proxy,
2025-09-02T07:13:16.006752,gmail.com,65,2.18,21,26,dnscrypt-proxy,
2025-09-02T07:13:16.023118,gmail.com,66,2.37,21,26,dnscrypt-proxy,
2025-09-02T07:13:16.040120,gmail.com,67,2.38,21,26,dnscrypt-proxy,
2025-09-02T07:13:16.056750,gmail.com,68,2.12,21,26,dnscrypt-proxy,
2025-09-02T07:13:16.073493,gmail.com,69,2.06,21,26,dnscrypt-proxy,
2025-09-02T07:13:16.089465,gmail.com,70,2.09,21,26,dnscrypt-proxy,
2025-09-02T07:13:16.105396,gmail.com,71,2.1,21,26,dnscrypt-proxy,
2025-09-02T07:13:16.121386,gmail.com,72,2.09,21,26,dnscrypt-proxy,
2025-09-02T07:13:16.137543,gmail.com,73,2.06,21,26,dnscrypt-proxy,
2025-09-02T07:13:16.153638,gmail.com,74,2.17,21,26,dnscrypt-proxy,
2025-09-02T07:13:16.170098,gmail.com,75,2.35,21,26,dnscrypt-proxy,
2025-09-02T07:13:16.187157,gmail.com,76,2.4,21,26,dnscrypt-proxy,
2025-09-02T07:13:16.205423,gmail.com,77,2.12,21,26,dnscrypt-proxy,
2025-09-02T07:13:16.222099,gmail.com,78,2.29,21,26,dnscrypt-proxy,
2025-09-02T07:13:16.239283,gmail.com,79,2.33,21,26,dnscrypt-proxy,
2025-09-02T07:13:16.255695,gmail.com,80,2.09,21,26,dnscrypt-proxy,
2025-09-02T07:13:16.272663,gmail.com,81,2.11,21,26,dnscrypt-proxy,
2025-09-02T07:13:16.288690,gmail.com,82,2.09,21,26,dnscrypt-proxy,
2025-09-02T07:13:16.304544,gmail.com,83,2.14,21,26,dnscrypt-proxy,
2025-09-02T07:13:16.322576,gmail.com,84,2.02,21,26,dnscrypt-proxy,
2025-09-02T07:13:16.339591,gmail.com,85,2.05,21,26,dnscrypt-proxy,
2025-09-02T07:13:16.356120,gmail.com,86,2.3,21,26,dnscrypt-proxy,
2025-09-02T07:13:16.372406,gmail.com,87,2.1,21,26,dnscrypt-proxy,
2025-09-02T07:13:16.389483,gmail.com,88,2.1,21,26,dnscrypt-proxy,
2025-09-02T07:13:16.405694,gmail.com,89,2.07,21,26,dnscrypt-proxy,
2025-09-02T07:13:16.421711,gmail.com,90,2.08,21,26,dnscrypt-proxy,
2025-09-02T07:13:16.438591,gmail.com,91,2.06,21,26,dnscrypt-proxy,
2025-09-02T07:13:16.455092,gmail.com,92,2.33,21,26,dnscrypt-proxy,
2025-09-02T07:13:16.472247,gmail.com,93,2.29,21,26,dnscrypt-proxy,
2025-09-02T07:13:16.488858,gmail.com,94,2.22,21,26,dnscrypt-proxy,
2025-09-02T07:13:16.507635,gmail.com,95,2.12,21,26,dnscrypt-proxy,
2025-09-02T07:13:16.524567,gmail.com,96,2.1,21,26,dnscrypt-proxy,
2025-09-02T07:13:16.541198,gmail.com,97,2.26,21,26,dnscrypt-proxy,
2025-09-02T07:13:16.558246,gmail.com,98,2.27,21,26,dnscrypt-proxy,
2025-09-02T07:13:16.576415,gmail.com,99,2.07,21,26,dnscrypt-proxy,
2025-09-02T07:13:16.593563,gmail.com,100,2.06,21,26,dnscrypt-proxy,
2025-09-02T07:13:18.734603,roydns.xyz,1,-1.0,0,0,dnscrypt-proxy,All nameservers failed to answer the query roydns.xyz. IN A: Server Do53:127.0.0.1@5354 answered The DNS operation timed out.; Server Do53:127.0.0.1@5354 answered SERVFAIL
2025-09-02T07:13:18.775831,roydns.xyz,2,-1.0,0,0,dnscrypt-proxy,All nameservers failed to answer the query roydns.xyz. IN A: Server Do53:127.0.0.1@5354 answered SERVFAIL
2025-09-02T07:13:18.818117,roydns.xyz,3,-1.0,0,0,dnscrypt-proxy,All nameservers failed to answer the query roydns.xyz. IN A: Server Do53:127.0.0.1@5354 answered SERVFAIL
2025-09-02T07:13:18.858115,roydns.xyz,4,-1.0,0,0,dnscrypt-proxy,All nameservers failed to answer the query roydns.xyz. IN A: Server Do53:127.0.0.1@5354 answered SERVFAIL
2025-09-02T07:13:18.896744,roydns.xyz,5,-1.0,0,0,dnscrypt-proxy,All nameservers failed to answer the query roydns.xyz. IN A: Server Do53:127.0.0.1@5354 answered SERVFAIL
2025-09-02T07:13:18.934969,roydns.xyz,6,-1.0,0,0,dnscrypt-proxy,All nameservers failed to answer the query roydns.xyz. IN A: Server Do53:127.0.0.1@5354 answered SERVFAIL
2025-09-02T07:13:18.974998,roydns.xyz,7,-1.0,0,0,dnscrypt-proxy,All nameservers failed to answer the query roydns.xyz. IN A: Server Do53:127.0.0.1@5354 answered SERVFAIL
2025-09-02T07:13:19.012878,roydns.xyz,8,-1.0,0,0,dnscrypt-proxy,All nameservers failed to answer the query roydns.xyz. IN A: Server Do53:127.0.0.1@5354 answered SERVFAIL
2025-09-02T07:13:19.050010,roydns.xyz,9,-1.0,0,0,dnscrypt-proxy,All nameservers failed to answer the query roydns.xyz. IN A: Server Do53:127.0.0.1@5354 answered SERVFAIL
2025-09-02T07:13:19.087823,roydns.xyz,10,-1.0,0,0,dnscrypt-proxy,All nameservers failed to answer the query roydns.xyz. IN A: Server Do53:127.0.0.1@5354 answered SERVFAIL
2025-09-02T07:13:19.126187,roydns.xyz,11,-1.0,0,0,dnscrypt-proxy,All nameservers failed to answer the query roydns.xyz. IN A: Server Do53:127.0.0.1@5354 answered SERVFAIL
2025-09-02T07:13:19.167692,roydns.xyz,12,-1.0,0,0,dnscrypt-proxy,All nameservers failed to answer the query roydns.xyz. IN A: Server Do53:127.0.0.1@5354 answered SERVFAIL
2025-09-02T07:13:19.207895,roydns.xyz,13,-1.0,0,0,dnscrypt-proxy,All nameservers failed to answer the query roydns.xyz. IN A: Server Do53:127.0.0.1@5354 answered SERVFAIL
2025-09-02T07:13:19.247021,roydns.xyz,14,-1.0,0,0,dnscrypt-proxy,All nameservers failed to answer the query roydns.xyz. IN A: Server Do53:127.0.0.1@5354 answered SERVFAIL
2025-09-02T07:13:19.286789,roydns.xyz,15,-1.0,0,0,dnscrypt-proxy,All nameservers failed to answer the query roydns.xyz. IN A: Server Do53:127.0.0.1@5354 answered SERVFAIL
2025-09-02T07:13:19.327608,roydns.xyz,16,-1.0,0,0,dnscrypt-proxy,All nameservers failed to answer the query roydns.xyz. IN A: Server Do53:127.0.0.1@5354 answered SERVFAIL
2025-09-02T07:13:19.366939,roydns.xyz,17,-1.0,0,0,dnscrypt-proxy,All nameservers failed to answer the query roydns.xyz. IN A: Server Do53:127.0.0.1@5354 answered SERVFAIL
2025-09-02T07:13:19.404941,roydns.xyz,18,-1.0,0,0,dnscrypt-proxy,All nameservers failed to answer the query roydns.xyz. IN A: Server Do53:127.0.0.1@5354 answered SERVFAIL
2025-09-02T07:13:19.445811,roydns.xyz,19,-1.0,0,0,dnscrypt-proxy,All nameservers failed to answer the query roydns.xyz. IN A: Server Do53:127.0.0.1@5354 answered SERVFAIL
2025-09-02T07:13:19.484970,roydns.xyz,20,-1.0,0,0,dnscrypt-proxy,All nameservers failed to answer the query roydns.xyz. IN A: Server Do53:127.0.0.1@5354 answered SERVFAIL
2025-09-02T07:13:19.523601,roydns.xyz,21,-1.0,0,0,dnscrypt-proxy,All nameservers failed to answer the query roydns.xyz. IN A: Server Do53:127.0.0.1@5354 answered SERVFAIL
2025-09-02T07:13:19.563685,roydns.xyz,22,-1.0,0,0,dnscrypt-proxy,All nameservers failed to answer the query roydns.xyz. IN A: Server Do53:127.0.0.1@5354 answered SERVFAIL
2025-09-02T07:13:19.602101,roydns.xyz,23,-1.0,0,0,dnscrypt-proxy,All nameservers failed to answer the query roydns.xyz. IN A: Server Do53:127.0.0.1@5354 answered SERVFAIL
2025-09-02T07:13:19.640647,roydns.xyz,24,-1.0,0,0,dnscrypt-proxy,All nameservers failed to answer the query roydns.xyz. IN A: Server Do53:127.0.0.1@5354 answered SERVFAIL
2025-09-02T07:13:19.678100,roydns.xyz,25,-1.0,0,0,dnscrypt-proxy,All nameservers failed to answer the query roydns.xyz. IN A: Server Do53:127.0.0.1@5354 answered SERVFAIL
2025-09-02T07:13:19.715400,roydns.xyz,26,-1.0,0,0,dnscrypt-proxy,All nameservers failed to answer the query roydns.xyz. IN A: Server Do53:127.0.0.1@5354 answered SERVFAIL
2025-09-02T07:13:19.754914,roydns.xyz,27,-1.0,0,0,dnscrypt-proxy,All nameservers failed to answer the query roydns.xyz. IN A: Server Do53:127.0.0.1@5354 answered SERVFAIL
2025-09-02T07:13:19.794748,roydns.xyz,28,-1.0,0,0,dnscrypt-proxy,All nameservers failed to answer the query roydns.xyz. IN A: Server Do53:127.0.0.1@5354 answered SERVFAIL
2025-09-02T07:13:19.833957,roydns.xyz,29,-1.0,0,0,dnscrypt-proxy,All nameservers failed to answer the query roydns.xyz. IN A: Server Do53:127.0.0.1@5354 answered SERVFAIL
2025-09-02T07:13:19.871800,roydns.xyz,30,-1.0,0,0,dnscrypt-proxy,All nameservers failed to answer the query roydns.xyz. IN A: Server Do53:127.0.0.1@5354 answered SERVFAIL
2025-09-02T07:13:19.910577,roydns.xyz,31,-1.0,0,0,dnscrypt-proxy,All nameservers failed to answer the query roydns.xyz. IN A: Server Do53:127.0.0.1@5354 answered SERVFAIL
2025-09-02T07:13:19.949589,roydns.xyz,32,-1.0,0,0,dnscrypt-proxy,All nameservers failed to answer the query roydns.xyz. IN A: Server Do53:127.0.0.1@5354 answered SERVFAIL
2025-09-02T07:13:19.987570,roydns.xyz,33,-1.0,0,0,dnscrypt-proxy,All nameservers failed to answer the query roydns.xyz. IN A: Server Do53:127.0.0.1@5354 answered SERVFAIL
2025-09-02T07:13:20.024450,roydns.xyz,34,-1.0,0,0,dnscrypt-proxy,All nameservers failed to answer the query roydns.xyz. IN A: Server Do53:127.0.0.1@5354 answered SERVFAIL
2025-09-02T07:13:20.061576,roydns.xyz,35,-1.0,0,0,dnscrypt-proxy,All nameservers failed to answer the query roydns.xyz. IN A: Server Do53:127.0.0.1@5354 answered SERVFAIL
2025-09-02T07:13:20.098608,roydns.xyz,36,-1.0,0,0,dnscrypt-proxy,All nameservers failed to answer the query roydns.xyz. IN A: Server Do53:127.0.0.1@5354 answered SERVFAIL
2025-09-02T07:13:20.137785,roydns.xyz,37,-1.0,0,0,dnscrypt-proxy,All nameservers failed to answer the query roydns.xyz. IN A: Server Do53:127.0.0.1@5354 answered SERVFAIL
2025-09-02T07:13:20.179677,roydns.xyz,38,-1.0,0,0,dnscrypt-proxy,All nameservers failed to answer the query roydns.xyz. IN A: Server Do53:127.0.0.1@5354 answered SERVFAIL
2025-09-02T07:13:20.217156,roydns.xyz,39,-1.0,0,0,dnscrypt-proxy,All nameservers failed to answer the query roydns.xyz. IN A: Server Do53:127.0.0.1@5354 answered SERVFAIL
2025-09-02T07:13:20.257959,roydns.xyz,40,-1.0,0,0,dnscrypt-proxy,All nameservers failed to answer the query roydns.xyz. IN A: Server Do53:127.0.0.1@5354 answered SERVFAIL
2025-09-02T07:13:20.296939,roydns.xyz,41,-1.0,0,0,dnscrypt-proxy,All nameservers failed to answer the query roydns.xyz. IN A: Server Do53:127.0.0.1@5354 answered SERVFAIL
2025-09-02T07:13:20.335724,roydns.xyz,42,-1.0,0,0,dnscrypt-proxy,All nameservers failed to answer the query roydns.xyz. IN A: Server Do53:127.0.0.1@5354 answered SERVFAIL
2025-09-02T07:13:20.374347,roydns.xyz,43,-1.0,0,0,dnscrypt-proxy,All nameservers failed to answer the query roydns.xyz. IN A: Server Do53:127.0.0.1@5354 answered SERVFAIL
2025-09-02T07:13:20.412213,roydns.xyz,44,-1.0,0,0,dnscrypt-proxy,All nameservers failed to answer the query roydns.xyz. IN A: Server Do53:127.0.0.1@5354 answered SERVFAIL
2025-09-02T07:13:20.449727,roydns.xyz,45,-1.0,0,0,dnscrypt-proxy,All nameservers failed to answer the query roydns.xyz. IN A: Server Do53:127.0.0.1@5354 answered SERVFAIL
2025-09-02T07:13:20.488996,roydns.xyz,46,-1.0,0,0,dnscrypt-proxy,All nameservers failed to answer the query roydns.xyz. IN A: Server Do53:127.0.0.1@5354 answered SERVFAIL
2025-09-02T07:13:20.526928,roydns.xyz,47,-1.0,0,0,dnscrypt-proxy,All nameservers failed to answer the query roydns.xyz. IN A: Server Do53:127.0.0.1@5354 answered SERVFAIL
2025-09-02T07:13:20.564704,roydns.xyz,48,-1.0,0,0,dnscrypt-proxy,All nameservers failed to answer the query roydns.xyz. IN A: Server Do53:127.0.0.1@5354 answered SERVFAIL
2025-09-02T07:13:20.603671,roydns.xyz,49,-1.0,0,0,dnscrypt-proxy,All nameservers failed to answer the query roydns.xyz. IN A: Server Do53:127.0.0.1@5354 answered SERVFAIL
2025-09-02T07:13:20.641535,roydns.xyz,50,-1.0,0,0,dnscrypt-proxy,All nameservers failed to answer the query roydns.xyz. IN A: Server Do53:127.0.0.1@5354 answered SERVFAIL
2025-09-02T07:13:20.678687,roydns.xyz,51,-1.0,0,0,dnscrypt-proxy,All nameservers failed to answer the query roydns.xyz. IN A: Server Do53:127.0.0.1@5354 answered SERVFAIL
2025-09-02T07:13:20.715613,roydns.xyz,52,-1.0,0,0,dnscrypt-proxy,All nameservers failed to answer the query roydns.xyz. IN A: Server Do53:127.0.0.1@5354 answered SERVFAIL
2025-09-02T07:13:20.752812,roydns.xyz,53,-1.0,0,0,dnscrypt-proxy,All nameservers failed to answer the query roydns.xyz. IN A: Server Do53:127.0.0.1@5354 answered SERVFAIL
2025-09-02T07:13:20.791714,roydns.xyz,54,-1.0,0,0,dnscrypt-proxy,All nameservers failed to answer the query roydns.xyz. IN A: Server Do53:127.0.0.1@5354 answered SERVFAIL
2025-09-02T07:13:20.830573,roydns.xyz,55,-1.0,0,0,dnscrypt-proxy,All nameservers failed to answer the query roydns.xyz. IN A: Server Do53:127.0.0.1@5354 answered SERVFAIL
2025-09-02T07:13:20.869852,roydns.xyz,56,-1.0,0,0,dnscrypt-proxy,All nameservers failed to answer the query roydns.xyz. IN A: Server Do53:127.0.0.1@5354 answered SERVFAIL
2025-09-02T07:13:20.908083,roydns.xyz,57,-1.0,0,0,dnscrypt-proxy,All nameservers failed to answer the query roydns.xyz. IN A: Server Do53:127.0.0.1@5354 answered SERVFAIL
2025-09-02T07:13:20.946649,roydns.xyz,58,-1.0,0,0,dnscrypt-proxy,All nameservers failed to answer the query roydns.xyz. IN A: Server Do53:127.0.0.1@5354 answered SERVFAIL
2025-09-02T07:13:20.984393,roydns.xyz,59,-1.0,0,0,dnscrypt-proxy,All nameservers failed to answer the query roydns.xyz. IN A: Server Do53:127.0.0.1@5354 answered SERVFAIL
2025-09-02T07:13:21.021833,roydns.xyz,60,-1.0,0,0,dnscrypt-proxy,All nameservers failed to answer the query roydns.xyz. IN A: Server Do53:127.0.0.1@5354 answered SERVFAIL
2025-09-02T07:13:21.061858,roydns.xyz,61,-1.0,0,0,dnscrypt-proxy,All nameservers failed to answer the query roydns.xyz. IN A: Server Do53:127.0.0.1@5354 answered SERVFAIL
2025-09-02T07:13:21.101577,roydns.xyz,62,-1.0,0,0,dnscrypt-proxy,All nameservers failed to answer the query roydns.xyz. IN A: Server Do53:127.0.0.1@5354 answered SERVFAIL
2025-09-02T07:13:21.140366,roydns.xyz,63,-1.0,0,0,dnscrypt-proxy,All nameservers failed to answer the query roydns.xyz. IN A: Server Do53:127.0.0.1@5354 answered SERVFAIL
2025-09-02T07:13:21.179516,roydns.xyz,64,-1.0,0,0,dnscrypt-proxy,All nameservers failed to answer the query roydns.xyz. IN A: Server Do53:127.0.0.1@5354 answered SERVFAIL
2025-09-02T07:13:21.219998,roydns.xyz,65,-1.0,0,0,dnscrypt-proxy,All nameservers failed to answer the query roydns.xyz. IN A: Server Do53:127.0.0.1@5354 answered SERVFAIL
2025-09-02T07:13:21.257689,roydns.xyz,66,-1.0,0,0,dnscrypt-proxy,All nameservers failed to answer the query roydns.xyz. IN A: Server Do53:127.0.0.1@5354 answered SERVFAIL
2025-09-02T07:13:21.296199,roydns.xyz,67,-1.0,0,0,dnscrypt-proxy,All nameservers failed to answer the query roydns.xyz. IN A: Server Do53:127.0.0.1@5354 answered SERVFAIL
2025-09-02T07:13:21.334698,roydns.xyz,68,-1.0,0,0,dnscrypt-proxy,All nameservers failed to answer the query roydns.xyz. IN A: Server Do53:127.0.0.1@5354 answered SERVFAIL
2025-09-02T07:13:21.372647,roydns.xyz,69,-1.0,0,0,dnscrypt-proxy,All nameservers failed to answer the query roydns.xyz. IN A: Server Do53:127.0.0.1@5354 answered SERVFAIL
2025-09-02T07:13:21.410255,roydns.xyz,70,-1.0,0,0,dnscrypt-proxy,All nameservers failed to answer the query roydns.xyz. IN A: Server Do53:127.0.0.1@5354 answered SERVFAIL
2025-09-02T07:13:21.448891,roydns.xyz,71,-1.0,0,0,dnscrypt-proxy,All nameservers failed to answer the query roydns.xyz. IN A: Server Do53:127.0.0.1@5354 answered SERVFAIL
2025-09-02T07:13:21.487208,roydns.xyz,72,-1.0,0,0,dnscrypt-proxy,All nameservers failed to answer the query roydns.xyz. IN A: Server Do53:127.0.0.1@5354 answered SERVFAIL
2025-09-02T07:13:21.526190,roydns.xyz,73,-1.0,0,0,dnscrypt-proxy,All nameservers failed to answer the query roydns.xyz. IN A: Server Do53:127.0.0.1@5354 answered SERVFAIL
2025-09-02T07:13:21.564471,roydns.xyz,74,-1.0,0,0,dnscrypt-proxy,All nameservers failed to answer the query roydns.xyz. IN A: Server Do53:127.0.0.1@5354 answered SERVFAIL
2025-09-02T07:13:21.601686,roydns.xyz,75,-1.0,0,0,dnscrypt-proxy,All nameservers failed to answer the query roydns.xyz. IN A: Server Do53:127.0.0.1@5354 answered SERVFAIL
2025-09-02T07:13:21.638719,roydns.xyz,76,-1.0,0,0,dnscrypt-proxy,All nameservers failed to answer the query roydns.xyz. IN A: Server Do53:127.0.0.1@5354 answered SERVFAIL
2025-09-02T07:13:21.676399,roydns.xyz,77,-1.0,0,0,dnscrypt-proxy,All nameservers failed to answer the query roydns.xyz. IN A: Server Do53:127.0.0.1@5354 answered SERVFAIL
2025-09-02T07:13:21.714399,roydns.xyz,78,-1.0,0,0,dnscrypt-proxy,All nameservers failed to answer the query roydns.xyz. IN A: Server Do53:127.0.0.1@5354 answered SERVFAIL
2025-09-02T07:13:21.752374,roydns.xyz,79,-1.0,0,0,dnscrypt-proxy,All nameservers failed to answer the query roydns.xyz. IN A: Server Do53:127.0.0.1@5354 answered SERVFAIL
2025-09-02T07:13:21.789694,roydns.xyz,80,-1.0,0,0,dnscrypt-proxy,All nameservers failed to answer the query roydns.xyz. IN A: Server Do53:127.0.0.1@5354 answered SERVFAIL
2025-09-02T07:13:21.826943,roydns.xyz,81,-1.0,0,0,dnscrypt-proxy,All nameservers failed to answer the query roydns.xyz. IN A: Server Do53:127.0.0.1@5354 answered SERVFAIL
2025-09-02T07:13:21.866566,roydns.xyz,82,-1.0,0,0,dnscrypt-proxy,All nameservers failed to answer the query roydns.xyz. IN A: Server Do53:127.0.0.1@5354 answered SERVFAIL
2025-09-02T07:13:21.904495,roydns.xyz,83,-1.0,0,0,dnscrypt-proxy,All nameservers failed to answer the query roydns.xyz. IN A: Server Do53:127.0.0.1@5354 answered SERVFAIL
2025-09-02T07:13:21.942105,roydns.xyz,84,-1.0,0,0,dnscrypt-proxy,All nameservers failed to answer the query roydns.xyz. IN A: Server Do53:127.0.0.1@5354 answered SERVFAIL
2025-09-02T07:13:21.981185,roydns.xyz,85,-1.0,0,0,dnscrypt-proxy,All nameservers failed to answer the query roydns.xyz. IN A: Server Do53:127.0.0.1@5354 answered SERVFAIL
2025-09-02T07:13:22.021791,roydns.xyz,86,-1.0,0,0,dnscrypt-proxy,All nameservers failed to answer the query roydns.xyz. IN A: Server Do53:127.0.0.1@5354 answered SERVFAIL
2025-09-02T07:13:22.061533,roydns.xyz,87,-1.0,0,0,dnscrypt-proxy,All nameservers failed to answer the query roydns.xyz. IN A: Server Do53:127.0.0.1@5354 answered SERVFAIL
2025-09-02T07:13:22.100700,roydns.xyz,88,-1.0,0,0,dnscrypt-proxy,All nameservers failed to answer the query roydns.xyz. IN A: Server Do53:127.0.0.1@5354 answered SERVFAIL
2025-09-02T07:13:22.140421,roydns.xyz,89,-1.0,0,0,dnscrypt-proxy,All nameservers failed to answer the query roydns.xyz. IN A: Server Do53:127.0.0.1@5354 answered SERVFAIL
2025-09-02T07:13:22.182194,roydns.xyz,90,-1.0,0,0,dnscrypt-proxy,All nameservers failed to answer the query roydns.xyz. IN A: Server Do53:127.0.0.1@5354 answered SERVFAIL
2025-09-02T07:13:22.223209,roydns.xyz,91,-1.0,0,0,dnscrypt-proxy,All nameservers failed to answer the query roydns.xyz. IN A: Server Do53:127.0.0.1@5354 answered SERVFAIL
2025-09-02T07:13:22.261753,roydns.xyz,92,-1.0,0,0,dnscrypt-proxy,All nameservers failed to answer the query roydns.xyz. IN A: Server Do53:127.0.0.1@5354 answered SERVFAIL
2025-09-02T07:13:22.302176,roydns.xyz,93,-1.0,0,0,dnscrypt-proxy,All nameservers failed to answer the query roydns.xyz. IN A: Server Do53:127.0.0.1@5354 answered SERVFAIL
2025-09-02T07:13:22.341069,roydns.xyz,94,-1.0,0,0,dnscrypt-proxy,All nameservers failed to answer the query roydns.xyz. IN A: Server Do53:127.0.0.1@5354 answered SERVFAIL
2025-09-02T07:13:22.383250,roydns.xyz,95,-1.0,0,0,dnscrypt-proxy,All nameservers failed to answer the query roydns.xyz. IN A: Server Do53:127.0.0.1@5354 answered SERVFAIL
2025-09-02T07:13:22.421541,roydns.xyz,96,-1.0,0,0,dnscrypt-proxy,All nameservers failed to answer the query roydns.xyz. IN A: Server Do53:127.0.0.1@5354 answered SERVFAIL
2025-09-02T07:13:22.460436,roydns.xyz,97,-1.0,0,0,dnscrypt-proxy,All nameservers failed to answer the query roydns.xyz. IN A: Server Do53:127.0.0.1@5354 answered SERVFAIL
2025-09-02T07:13:22.498649,roydns.xyz,98,-1.0,0,0,dnscrypt-proxy,All nameservers failed to answer the query roydns.xyz. IN A: Server Do53:127.0.0.1@5354 answered SERVFAIL
2025-09-02T07:13:22.537360,roydns.xyz,99,-1.0,0,0,dnscrypt-proxy,All nameservers failed to answer the query roydns.xyz. IN A: Server Do53:127.0.0.1@5354 answered SERVFAIL
2025-09-02T07:13:22.575325,roydns.xyz,100,-1.0,0,0,dnscrypt-proxy,All nameservers failed to answer the query roydns.xyz. IN A: Server Do53:127.0.0.1@5354 answered SERVFAIL
